2,4.085072799375507,-4.121043135646798,-4.58796214493905,2.0425111134085387,14.744166261678485,3.5377071695341433,4.312142659822003,28.009830597400498,-5.959855458668165,0.24396324720108886
1,-10.788603931531838,-5.796376162037977,-22.792416716932344,2.6574401684957505,-0.7050526366072773,3.8836095786752454,18.94667595777548,-14.39309362199928,-10.418287483089824,-12.57893556112309
3,-12.662651621138483,-8.029404454749855,-0.15288224840377573,7.564506622013097,8.847731694772316,2.6629040985008867,5.340057998038621,-19.418500940116324,8.453579973301242,-17.333397753228525
2,6.258430614448157,4.631023669584765,8.262439504152105,4.663416008919837,-3.951713953966367,7.60061916814257,1.0388683112533972,23.46856656103876,-7.762440174890377,-0.5340233990531056
1,29.051096405989924,-51.29525023779508,10.025183925021029,-21.599146888327592,-32.724658341027876,-26.773884879667108,-37.49480691894251,-12.763999503164762,-0.7638093733587126,4.460821702065102
2,3.7251180664740327,-5.534454630656198,-1.121421335324018,5.635851459795818,-0.04872543109814487,4.372920358968419,-4.255181768067439,-5.8597662157671495,6.454609107421623,-3.4958323503246556
2,-9.249040500612997,25.66781738994479,-14.25117314722619,-1.8848652180845096,26.1009869670811,8.34090077652587,-8.798551379575592,-1.9693690839216051,-16.57418281288271,9.004551290718023
3,-3.157280662500236,2.124341625366502,16.683431665487774,3.262113968613758,8.182108418824386,7.895981465961548,7.664231550554051,3.9390805899453345,-12.342523592283504,-36.20102331476964
1,-14.13989725035191,-11.613444687457818,-7.283676648305263,1.2900580672437987,-7.643404132542123,-19.71200538145039,-3.8166895760758766,-13.987395444559457,-7.908336084575378,-9.080324318430078
2,7.428291839075735,29.21181418023966,10.459730032046929,7.02331472401048,-3.311750626674794,-3.6718904558229957,11.869682879951384,5.009161026003378,2.603760293552587,15.979586139389463
3,8.151731127996694,-31.5353386465309,13.150379372767988,1.4610475753834824,-8.915577662441983,2.4542917167713103,-0.05986153552536312,12.168530775296961,-4.673560930743488,-15.202377627456073
1,-12.918359926335636,-4.989679492850075,3.6227028932220824,-11.503175134050464,1.9478980509615482,7.350037699728392,-4.828492621193514,-16.129296067041903,0.5131858221400067,-9.141388436638142
1,2.49931356483981,9.3285345469332,-10.17462080223497,-10.159383716325461,12.14652939194494,-34.196705507593364,-23.129298632206986,33.19486254173838,4.173573825110797,-17.44610298566117
2,2.031765465230624,6.625019377640545,-9.127944316029682,1.1761555424261014,10.511128743622123,6.793504695010291,-4.575401952483594,14.671943814334625,30.93703380067621,0.7470755084429874
3,4.557160499190998,-0.7645044085505671,-19.040830597392876,1.3537441717650882,13.631532335693933,-18.60244666043229,-4.83708945679292,2.9321555015782934,10.861823819702952,-24.177228674151404
3,-19.034252629843394,16.348102362991742,-8.318403822917574,-5.056086042987803,6.073642413292515,12.64427826099043,10.780776973664086,25.472398249793454,-3.8681656487689198,-35.18388829906675
1,-2.8484693856949423,-37.08841876927194,-2.8712094218995037,-18.27996263135261,-15.106576682753541,1.9135918977681188,38.63765955849482,16.548113689822884,-18.843120026065105,-19.363040774878897
3,-11.910946561408903,-0.05832104946914407,5.722945607851982,-3.757568050876536,-0.8469445440204852,17.849863301614203,-3.5241590656549238,-6.912962440920482,10.469422481070158,-5.174012541520025
2,3.307687633251021,9.34428465295099,6.246935170087876,6.644632738550099,2.6433797186749226,-7.332986522027588,12.398582352786411,13.449369412057708,7.858092387551711,15.82601308769277
1,11.187220073856611,-2.0044898039239305,6.621067068421226,5.737298205947301,-11.804023314575527,-18.89343617025679,-2.4746577811292045,5.16853535250161,-38.574212157440535,-2.3613968913146373
1,-2.4790320471839546,33.64473228529651,-44.12932496930116,-2.0436131233898838,-7.084270187443653,-9.63926149741281,8.426641767574253,-13.8711408092224,-24.168525924905833,-9.09607105684809
1,3.073636244777123,8.091858651955812,-13.474566192127035,-11.976613799774654,-14.825260889109032,12.498113773659377,-43.54307472883683,-1.969287952899725,14.391452246588067,-10.540592853093802
2,2.3867887112892077,9.93397919816197,-1.9013843099581846,1.0443823289629601,17.872868580316258,16.76809998313626,5.094928347510008,-7.170818523188687,-12.797548818804039,16.1175550011112
1,-0.5320159727812643,-22.5075588690279,-7.257818527177142,-11.279812871170042,-4.438169673863762,13.326393493809444,7.410327420080824,-20.861704546476936,-20.81400950175984,-14.002777556770054
3,3.9537728889204664,43.711920600104676,15.345301681404866,3.0402093063536606,6.504505753297179,12.152664304198458,14.152140410692649,-6.700735484844404,-1.152392452359719,-19.550632736114117
1,-32.64623049549681,8.286108935777646,20.330548489923483,13.280028035142038,-26.212033879659906,2.547028070690108,6.097882041344012,-2.4069420053949067,-21.201886409762714,8.817389640710271
2,-0.9347457541570834,11.284141172548642,5.022212453461298,-1.5495011633008278,11.69349565283109,18.59383057835387,-3.1371634265985056,10.759879796617646,14.789602232938485,12.804468772229312
3,2.1405438058860535,-0.03392944759704419,2.7031388638803753,8.182377170822576,6.63724428341826,4.312999723058837,2.1380325913957425,-12.465696341469016,-2.4299249466325,-23.813138289589062
3,9.264346366531399,1.7026101794678974,7.105406086781241,-0.6760445077923976,11.701487449991024,6.26226544174877,-3.556870965241812,3.4528743070066277,-10.600122026510169,-9.391481089396828
1,48.638202563107235,28.655976140485844,13.582663283345877,-9.73420011394353,-17.213152614051893,-26.403086876815625,-18.71580419540508,0.8714664168876638,-5.1336262342366235,-3.4337459042396272
1,-15.680813125193735,1.0051823018611112,23.609572560556966,-2.010642542277731,-17.473196496443297,-3.8560468995272044,3.5549491952887333,9.239772589819243,11.661847254494528,-0.7194085352423292
1,21.009632341277776,15.751170219379954,-54.06590809530902,-15.750916212154427,-16.921049116613993,-16.390564804155975,-10.759209713801972,-15.80190868591513,-8.832628893047161,-6.691587187186439
2,2.5407996377050908,3.237095472594314,-2.207273037914666,0.5176380296648229,9.054100886060386,12.25903242660387,-1.7024861732886052,21.939739166858693,-24.647393385034203,16.505829690097258
2,0.05428515153350455,1.0414344958679553,11.266515639527679,1.1824883792158092,-3.7290837077813066,18.017768912789776,-1.840532047099415,13.520461095805423,21.364218690695846,4.257113112515669
3,1.1550378935903463,13.859677319079383,-2.7971280064084736,9.316661865162722,-13.640864267830823,-31.173376188902843,10.659987722715147,18.86934591557643,7.923820906458054,-21.09100986180782
1,-23.481280136810156,-6.712914758995596,7.765128380005612,-9.546474950813119,-28.764650207835906,6.724751538470795,3.304613118503848,-10.036158351078985,-7.1626716942981865,2.1597802643264252
2,2.79689727639427,2.2556682183735712,-3.0110817075567047,-3.2411135120265784,7.413480651464153,13.430845738671884,-7.27762792097393,32.02678327645256,11.140573244567651,12.720204745117021
1,-9.860846726671305,-4.787134460963228,-45.87971005451401,1.1479380296053994,-7.002844453068373,-6.856876130802735,-3.0620297050890364,-3.670190830437204,-31.233550858582273,-1.1002013984118908
1,9.36590211667263,-3.4633633731625126,5.120944251514985,-4.838294497307544,-5.531551735317446,-18.48813167232088,-10.076329076439645,3.0235209315434224,-5.335370511691849,7.203028894035194
3,-2.3607130480704983,0.7887177552048058,9.179143355048959,-7.047952131499698,-18.03664101320804,-11.568159731013331,-8.529789708467534,23.555532058478388,1.0673906247121547,-31.55655718987078
1,-5.551475933156684,25.360732751466745,8.150408908734738,-4.598774904194055,2.6713070266726344,7.402428312990458,0.5529014381258269,-4.4119847483583206,-23.36630389641209,2.705021249534207
3,5.889289100796054,5.792998737999384,-4.135561327219811,-6.764004198642952,-2.965930626824845,26.511629706361425,-19.539888252175363,17.044299531564004,-4.319172961289236,-5.024711972633266
2,1.756399412813333,19.880016364070798,-1.534562552533008,1.3353147698245609,4.03977800732828,-5.526150504592086,-1.7433179298553863,27.370300461194986,3.9128885390645594,10.241274444679892
2,8.130155450887477,1.3960371906710263,-1.833392761998737,1.2031261725747364,-10.636130800263837,24.40114145998445,-1.987270406959941,14.023611636236037,9.96736273733606,6.822394027018552
1,-12.891718981781688,0.8665432341105581,-0.7538455067306744,-0.007268163636165781,-6.423657210422484,-22.434251933878503,36.693493245921644,-28.60524971612474,-15.09483355771583,8.24649811212369
1,-25.373187095916325,-13.384469329825766,-30.881476892579414,-15.090200569743248,-9.206083029399727,-31.182681578313506,15.198034504232245,4.324557281238012,-16.62927288013632,4.655382113407143
3,15.002994887516063,2.6017721838329613,16.007609057621508,5.648129241031509,11.803172047476059,-13.54304431686625,4.850544839699429,-6.5828196727104045,-2.6291347095260234,7.8612830706920604
1,6.415326769940007,1.2821160209726035,25.426548894867345,22.253582837200224,-5.5154400344178995,13.229539431573158,18.114957451115824,-8.38371019112197,8.39043206245628,-4.656328562220432
1,-13.987996726485127,26.720080681705866,-14.109035209478462,-0.5202378774122889,-0.07537600326816651,-7.6267755144713085,-14.528487981166922,-0.6710720645511605,-2.1431038570267726,-5.897801767720381
2,3.84726904802129,3.892669763436299,6.369087047296082,8.121609770270648,12.23340882567359,0.22670857095096686,4.101901761126199,-2.5859710690416557,-8.871550146063509,-8.792594421791861
2,3.4905225406881613,-1.3512219604517974,-13.530292055063029,1.7785166295412576,18.763152344474516,8.776250576795425,-6.04603964561351,2.634839846026128,10.195120108011018,-0.30612049323781765
2,2.0699694110729396,-13.14407972534651,0.035479799783163735,2.819199494203377,1.7481694058986,-9.89311359635047,-4.1641370120578625,6.276077736827383,5.604317903864434,33.858218487251044
1,6.456485544980765,6.529744652887907,13.621184650451529,-9.814557374414019,14.178680618539834,7.4660483659762855,9.210520981890776,-4.869574525774901,17.707394313036005,-13.315550004213662
3,-9.316878607137554,-17.115590056458288,-5.065806205223807,-6.2189529784116235,-7.187012045968562,21.286083280643396,-13.115682710929972,2.37733721676969,-10.772572390002205,-18.44526006818104
2,-1.3428478476788004,1.2311135123296448,1.7246300715518332,5.949793281008226,-5.589754558297674,4.9518102017568255,-0.2636489925324247,17.286409871948738,-11.859243055161393,9.817501905953648
1,-27.328034761652805,37.785868362425695,14.337905684288746,20.28174407216567,18.257554374562233,22.572639396883414,-2.5927705271443284,-10.608712166802043,7.190721972797506,-8.874415600260129
3,8.921834045107813,-8.965261144132763,-8.637181364543972,7.744590729727767,-1.3170931765743847,-10.604168878901834,5.852375318690571,-10.087999850179067,9.316002628394433,-21.829023713628295
1,9.481187347154401,30.49843302845411,-29.98030098028444,-6.6388901716709,5.3807225618028145,-14.372339217890943,-25.571070504335378,-32.31204029408184,-11.175512407544971,-2.199586734725124
2,2.882857421819761,-14.72078960147126,2.111133104510972,3.9444585247289625,16.448837523592488,29.535879446711334,0.06692024621597792,0.3439907315842241,-11.423225066892773,-21.976274089638437
1,-30.91154146017596,5.297517092700023,5.882735359472216,0.596323216372086,-9.542279259709423,7.329965545311876,-15.548378640969146,4.725884579421574,7.427786908834459,-11.168688411738794
1,28.668286418561227,-29.491313438221255,-3.1206347732652215,-1.9736141807262424,-2.1325560568697277,4.137017119199899,-13.48214622955682,-4.634754221129574,-13.454627659100638,-10.859547558269862
3,1.249793509614161,-20.77302011186346,-21.946040576275756,-2.312523672927533,-3.1487289650519306,11.467780431492482,-4.798071399660209,7.661573706796485,14.144767581377685,-27.158852102216752
3,-3.290820897250697,-6.10892197314901,-10.540810486522755,-3.2873141773266754,-9.009010069218473,23.73210598929198,-14.342113887506482,-5.094147255757774,0.3066008638550528,-29.73186677482261
2,10.618121993314007,14.377563759835823,-10.20421017088242,0.894665346718837,17.579438885060803,12.896626295019118,-4.871258549262277,12.58176782736577,-2.7346695553330074,-14.219049767580097
1,13.725188804063158,-20.67871596092637,14.195366657949794,-20.35149330394585,11.717050302346946,-1.570728862586125,-27.19317634167301,4.470702838300611,-9.277935493385627,-11.101792716604955
1,17.039776107572305,-7.090769578758295,12.344788624671239,-1.4718940331456722,0.8144297864379411,-16.176596295573393,16.28918046145968,-33.92324348933702,-1.9484306346244284,1.7112995370466093
3,2.7497749892381105,4.815364101798744,-0.7697820432813589,0.758537946175706,6.415544130946628,9.684975178657067,15.268114380387484,6.735533532222298,-2.1082821519664794,-8.518213922523511
2,3.6106180087400617,-11.437709585889083,9.597119481588217,2.9399632251089627,-0.2431794768212594,7.769528777337037,-7.820004048011881,22.129794308078623,-6.432734712531492,2.60491238082389
1,-31.749857956386144,-15.949524915241756,8.402415233867957,-6.856719274392912,-1.9349963562064811,0.05252715276605979,-29.639537715398127,-50.06235933930422,-7.956159912243659,18.32881495750665
3,16.632482927761664,4.460302874661677,-24.57443778370152,3.4900505803787576,-12.191265342882977,16.50921277014907,11.885083720167227,-9.443807969436385,-6.350203625732089,-10.079294446396624
3,-4.151652886381368,-6.168220297876299,3.101323397433232,-1.0314918155299635,-21.807041196952046,11.830252755980847,-8.259801773509437,-15.057374694817547,11.305897574813436,-30.44281743286595
2,9.321837464132205,-5.59622717384951,3.029913882166295,2.2307350014667637,13.012780017136986,4.231908577032687,-1.9336226941379508,16.911731650980485,1.739241037875384,-7.667010263821734
2,2.690103994572451,6.154633781749329,-7.494364324185254,0.8637387560239906,22.424616045402338,3.9199081222545105,6.416185300495183,30.189151920335856,-3.947007090634261,6.792165595640244
1,6.228499782490983,-25.005928810897363,11.078555558133626,-4.727104954793348,-0.686321587594958,1.3272359566997283,19.221259399661275,4.756679866546821,-22.702670010095744,-7.532434310592191
3,-0.4342235567022972,0.31433680863741287,1.0535693073655201,6.001150314458261,10.094679749888758,16.423331288174097,18.73897229726994,-9.979832794848644,-11.711894797378962,-16.592654295797814
2,0.3423370107604038,-12.265265930272427,-1.9394010414361906,6.527660993699187,2.9700465955961497,-8.32372405574067,8.616565082673748,4.611054689133079,-3.514622746346169,18.085354384248078
3,6.345627765696044,5.468776984731567,6.589632804575891,2.586075034772079,8.575703459267302,41.86569061178702,-11.481540751160738,-34.216735786762044,0.20090948197399716,-31.922607462693783
1,-13.829254665246902,-22.221482385940014,2.183325491203867,-12.70624371714124,-15.706156716330126,-32.87492677166721,-0.6065525429743881,-19.59098541898641,17.73437713368792,-2.8489309072310918
1,34.15450667541243,-24.70978461866026,6.438567248993284,-17.76316224023432,-30.163639494332166,-32.88338706105771,13.7689089172101,-32.60050424578682,0.6238677725469008,1.7531110621785881
3,13.311448809682133,19.0289782643533,12.884313849295062,8.78403580262453,9.74538932307123,5.9607013181016555,9.446155822002119,-20.70707193875228,9.854824547595816,-9.201482750377277
3,12.199013693731981,26.17652749982636,-10.318731929989458,8.989779831903366,-18.390039787286728,10.53839207675226,2.4097056788188724,18.724698279734714,6.36379859931298,-18.291566048805592
2,5.152365123511718,2.5819346906001797,-0.3256067279517172,5.5699713043965176,-1.0518228164133,25.85932587119415,-0.33072674140730474,-11.299185866497663,2.9173910983848987,-18.11474311018989
1,-2.5552334699291053,-17.838947254503648,2.0086013400206593,-6.033940353472479,-3.8930018309678536,-4.51689071794338,0.5694472134963998,1.674142292325949,-22.578693234994585,-2.072039918717299
1,6.134188280126237,5.958418241729103,-8.673223563347776,8.420490716281096,1.9507745759663848,-13.985684589267041,-33.40701883293055,-39.333492149439834,6.498065421118352,2.8723131104335717
2,7.310672067290774,10.824655004013755,28.158874106748836,11.376990335361105,5.8144844678242285,-21.273479811052553,13.235427191488379,-8.49668088248098,28.935578874386092,3.5248879167663905
2,10.423540143485411,-2.0340039272283796,14.376235923948231,6.858287841080022,4.71380057679011,10.145364640381965,3.8490272817812508,5.5474866329032295,-9.428848816966273,-6.916623503181583
3,14.662580695937443,-6.952599169449754,-20.18211250012935,7.324590561555266,8.816645206307253,-11.742257697753427,-39.2200743245522,7.2001549235032085,2.8118316830609618,-20.119988746526214
3,-5.15050073744585,-11.667787925760868,-18.557087060570115,7.980235575600629,-4.471628389655578,10.387290986846073,11.150403789641198,-7.845124884554644,9.669177036476832,-38.49974228321839
3,1.2679330244088562,3.0624802373845235,-4.04211085676702,2.075605292453979,-7.616581033004637,14.178091924823908,1.030183029427092,-0.6369343316589848,-4.573865905522215,-17.7914954831618
3,8.749962799122786,10.631305276495988,-6.275374838822167,7.617094642256776,-2.1732215761769607,-3.998173247715256,4.495778596078995,9.860321062677972,1.7957522835875959,3.233330777455894
3,9.108543189479706,16.76585547762177,-1.6347693201345754,7.038635161105764,-12.35216204067629,-0.8237691795028574,10.196484165609908,3.88011744346836,3.6779018906246765,-14.294922178564462
2,-1.6565039216886102,15.174827886541168,5.851884222419381,9.257577669242117,-4.835363299273265,-7.764051664732359,12.778302508279193,-8.877686238172465,-2.3006356574431432,19.297848977086332
3,13.461849877098153,0.542842630273142,1.1525059469362537,-2.994030558374786,-5.86308568479873,29.820288551802747,-13.581860667541475,15.137501695161774,-2.4654996717666506,-24.41996433995403
2,5.6106353644225555,-6.58890014299194,5.00725899466763,8.077833970922253,-8.8050930971286,9.766597600805904,2.1213832305255322,-6.318455152921495,5.836127926362558,-11.040971182910086
3,8.256074157351112,-7.796134790062276,1.8867190763182908,1.3292759296245258,-17.433447659051392,-11.092197585019008,18.103864220884258,6.46816570136248,-3.3308710781605466,8.3115402827105
2,1.5898344058441956,-6.332277600020012,12.46940020035654,6.508938677204123,-5.060874276311894,8.385930815345024,-0.8944674174946755,10.60607464774722,-4.312148349762038,0.23954080709228354
1,30.591093773449835,-9.060387728049417,-36.77209240671868,-26.580181984364856,-13.52014371256458,-2.3018845649381205,14.311334812169024,-12.183405471947232,13.051769140347893,-10.306453571973162
3,11.823434885815328,10.52346478950852,6.878496281851413,-1.6584476608742795,13.427093549587706,10.460356523266723,-6.889491646816327,4.466243899752659,-7.025544441539397,-17.621121840869936
1,-16.60440767661426,-9.066476563595955,8.072077572611676,10.340403214384773,7.004892304346853,16.99924393191457,7.668326353677738,15.616676516878513,-9.338287622735908,-1.5698943441611934
2,0.42327044490444354,-0.858950817054317,10.023695265115558,-0.08052092321663107,-7.0256896842204934,7.028021771538532,-3.6105477738315197,22.90262703422254,7.691674712720298,36.16990917085782
2,1.774862123788012,-8.61567680878621,-2.9464200736545925,5.039286014529688,13.13061318226957,7.2135456389487125,0.2128940992735385,-12.501096057998339,-3.3521709747689172,7.355295198439376
1,39.402759500159455,3.678072209129539,12.436094695148414,-1.1560366780952664,-34.94142460092008,-13.39883364935637,10.210803035001677,-33.2244656435282,-11.378906792005392,8.786272703661455
2,3.4780311651089653,-1.249860026521762,19.92971656366372,3.0334020618829607,3.2871091757277,15.706335603446824,0.46245677773842,-18.17969533318315,4.78430657892938,25.58160786944785
3,1.839078144222432,-19.777494947565664,17.107609757489094,0.21571047164855628,-4.466110072506092,11.809432204031566,1.4706266032880178,12.374052092619067,2.100908663292174,-25.14720549885034
2,4.9321414069266964,-0.22924042704699477,21.55200126055359,8.604138174548336,24.135184474645406,-21.36714389063798,8.62259629174834,10.072096391647122,10.54020217809876,14.70940663181757
2,9.480011337101447,5.533947096697199,2.9383027862017004,10.838917586238539,-5.175246951309088,2.8862379665516777,21.10936577527468,-0.5930270587037398,-0.9203113806359919,-3.616054521443843
3,-10.410936694309566,0.9741126868286895,-11.805479211829253,-1.4353374988996714,1.5304107490907306,9.459530226714193,16.306916033869772,0.6122573116894758,1.3419094662568423,-28.633255985886812
1,25.337290451285767,-26.394212219877673,-2.108114351944227,-6.313904484824532,-7.805119395539396,-33.237581833617675,3.741916870038216,-26.273547009179378,-18.882119630199046,-1.1159903355028495
2,3.9631486074420224,3.4973468876338885,7.612329803642961,6.339530682408868,5.116547808625158,9.5294184487352,4.971001787423942,0.6845489172833714,-2.5440167758991077,4.64931698794354
2,6.751457865324975,0.79955650136759,5.883916035114711,5.974626617028811,8.28605386751786,0.3243926553751688,2.396477378897961,-16.56152760827126,-8.55052751876977,15.977505759007503
1,-24.17873018604155,24.940436412095913,-23.857880403953974,-14.382087608182788,-0.0539941482546622,-15.977355901488831,19.898896756336686,-11.649430887027876,9.91082635034693,8.034433497719204
3,8.115935753013598,2.328001332432963,-6.39605721308676,2.6778178659419662,15.608695576971677,-22.06269509379021,2.6624003022701146,4.759400067547513,11.310550398212797,-29.095277002673384
3,-2.4655217944884784,-8.208411032748918,11.221851678674097,-1.4462934040661257,5.6068223062404385,-1.0430007215089727,22.76825740190771,2.1067881013494834,-2.1956135042207316,-22.8437119813331
1,-0.8691919671059769,11.782261086195648,21.460173854902237,10.16431257887735,-9.689566610437353,31.655310996709098,-8.047439591152056,1.0205988773911079,-21.857741869522407,-6.38916252386087
2,1.7409202759962599,3.093514425440881,10.128680822243664,1.6420746986282526,3.4762525752672526,5.358728561302375,-2.413539612151764,21.31947639457086,2.6131366628910992,24.76497065991132
2,4.808659097270716,-0.05028084328296467,-16.284814026374548,2.6634452897321617,6.79343057948918,11.14701714679859,4.400149432159941,13.525335607168532,-9.398886568599337,-0.8118286266173049
3,-4.385390878187994,10.777545115781402,-8.36228909163162,2.956444685662926,-9.358177943522602,20.70526039521965,-0.0016163906656591204,-35.813260212504645,22.087364373733106,-22.711294232261587
1,14.533179026356706,-14.140098748384924,12.411646082960184,-1.6533871046995086,-10.968966876123758,23.459396749286622,-11.893200077397154,-19.560247188535644,-1.4697113809155962,-2.5810731854700064
3,11.470865811221369,-11.275028610506725,-8.398310777417608,5.312815463329756,0.13373545414364152,18.432753942446972,14.22714764514896,0.10583211182445584,-8.577058065215901,-26.06215672813903
3,11.3482095273955,6.331562393509162,14.685311109109636,2.3746143161443074,-1.2336860008081971,18.40365814082744,10.730603600365123,2.129205670465193,1.1601073544128886,-16.882851794880597
3,12.350628243500761,3.3311903259731905,18.631251176047666,4.61222745920189,3.054501879383503,-12.443430993863466,-3.4198981047682624,-2.9662754219973495,-8.897634188130565,-37.640654593377135
1,-2.142286131075572,2.6558460248912334,-25.5168098956159,-15.982241378436628,-5.856207088447783,-24.197520353262348,-27.418840335058185,-27.8003414312014,-9.556894730005478,6.493693905532433
3,2.2193267036734188,4.745501296310877,3.7537807645991137,5.53532930671212,-6.629289904785606,2.1523824996503453,1.8935356097633373,4.381453992806042,2.0659762079990287,-18.39522691273755
3,4.495965271301625,-25.669116246314896,8.18869849375128,12.273819261046594,6.927311453974671,-8.552115183293743,-11.290817795404525,5.125339238408709,-0.9656373542171803,-10.938608753793684
1,7.543538705695932,4.370294658727522,60.699130197910804,-6.112800611843701,6.099413481566366,8.789133356660805,-53.87101733114429,22.40715754234277,-3.25244717896435,-1.0950817397553219
1,-23.94606631640567,-11.23637651771955,1.8278271252547373,-8.271403473088476,2.8619016186521122,-18.679399020443558,-3.2046934182208817,-3.2552666401953014,-24.93386944090662,0.9928119335614412
3,-8.424583520895517,0.03017512140235723,-16.643851350976558,-1.1356328894199046,-3.364482195446859,7.003242110533537,-22.178129768423865,9.267804648958371,-3.049228343253011,-3.973401479202739
1,32.163217419805704,-8.935830881939985,10.782541167268409,1.7805700814807452,-8.153417966812857,-11.657995677293025,0.8330029420951711,4.1440988648716806,-19.503403880911772,-3.975408717473397
2,-0.983028408631252,-3.869285335699969,12.758778269340986,8.890009966800847,-13.384568998450108,-0.31264222409622544,5.905110096465285,-3.5365414219729727,0.9333003050667337,2.521857627716181
1,-31.58893091656322,-26.584185763291774,-5.424929419852974,9.554372073797055,-8.068778201769469,-3.2085686593756373,22.935099549826205,-42.10120915430049,24.911358304397414,3.060483568399331
2,4.262307684280961,4.229648427481786,-1.7766011122128944,4.224160371099209,16.26887695167732,5.268811892718716,4.913623759824367,8.138785397957426,-14.523283470848114,-2.2172322107835543
1,-12.742824383551604,11.486526794133196,-18.27835018396962,-5.4019793507924065,12.46733384766126,-13.641436364417292,-22.38742964933082,14.279226725293672,-1.2624137818257775,-7.042369132403445
3,-10.276107471866439,2.1162176588774755,11.483866095869388,-3.868105351494032,-11.606067420208026,0.2477219410502043,-16.75516904086462,2.3861271318535895,6.278387653162045,-26.580807635124046
2,1.0198120946400135,0.9425188083797981,0.1260514242150732,6.188105877173438,-4.115464411403591,2.392198620289137,-0.493272212938746,18.672824191139693,-0.5030378362426804,2.7847295338809483
2,-7.377610747572524,-8.909119166034312,2.549100808280403,7.784636347940104,2.3422238169252667,4.423419406201544,10.537015682087372,-18.233742685437548,-1.028940881751879,7.917711873723112
2,8.058083726886519,-5.908618311530191,14.567703809148716,3.4996766141389335,1.9205212523996478,-3.082422773817357,-17.448265843116864,10.503189358657405,-0.7300564413585633,18.02852433909131
2,-3.329231852948505,23.128732588252703,19.184655371527725,5.090360935704273,1.4503323405549295,15.069017262978512,-4.829124034561045,19.8084454579221,1.7634697782405553,-7.192954763010835
3,-3.753092699772827,17.578955526777865,-2.5489372484361947,7.6375931907582855,2.2689336176521637,8.900601440810481,2.2639127503023366,-37.236375219970455,2.124612578563551,-38.037663897675294
1,-7.333181986465567,2.584583563109284,16.62571267923005,-16.752781571529514,-8.582369111241139,-1.200369104146973,0.6227523532326021,39.97644000995671,-30.026626708388303,-2.020819392444967
2,6.6002515309664105,-6.192591340864707,14.438196604342352,3.082636127269814,16.885864098798574,13.137469204536526,8.828385098411045,9.734167083860862,-15.265980357395868,29.8094837135611
3,4.115841244311261,-10.343136851192522,-17.49538467578651,-4.191512580342139,3.1712905968944898,28.13877741999875,-15.41133255583911,23.139052942281303,-4.035224848799944,-6.718191406210535
3,-5.148626060942684,0.974019803124155,-5.8687746958222435,-7.748994955513948,-16.679993409434744,35.117796601985305,12.378094754618703,-0.7376883597667576,-3.2805680570737845,-6.84278137291515
2,-1.1035354319567063,-5.324846220032492,9.269832077337703,3.834684014436368,0.3641177251028562,15.056546770265836,8.402970301022018,-6.699676707847099,25.402109681414657,-0.6974092055742735
2,-0.5618410198089006,15.164408499944543,8.290571540882329,5.187998177071341,21.943610597373887,20.26744973364335,5.105011985654094,-3.728407184021777,-0.8770547780828197,-26.855601770928516
3,5.070499413754511,-11.519785351849967,-4.65901432035882,-3.851274729359538,25.9230880758423,8.688004082943834,-14.457880468316691,-4.853865237198398,4.203868214197952,-28.70905669899167
2,1.6661242232358071,3.8113528734810274,-8.723451203170473,-2.027059951189791,3.2934099449863043,26.993224227302797,-13.60696603670503,-1.1008665070981456,7.966678703835661,13.599121889207046
3,-13.274111492603538,7.86243661670999,8.048333077032167,1.7502349636894268,-11.015560980048589,11.519246735250729,-24.421004453440087,-1.5170518189126923,5.990958599929264,-14.672198460219342
3,2.2756506170382638,-12.269883537163665,-5.283464657216036,2.567975744888021,-4.906024407013071,-6.522625855693162,-10.317788046776293,13.804929613817198,1.5891967640465832,-13.077389567468254
3,10.125246704782352,-3.3279861384638556,-0.7243413690713012,4.060592666043049,6.005326818013626,12.696656025465725,0.18950418839315175,-1.5869848810463534,1.257546120170054,-21.25072265724229
3,-7.9377374905041505,-1.1202476217967727,-9.439470161086291,-2.026405041032533,0.07347434701424715,6.795632456692918,-10.204103478216242,36.803677078364444,-12.69358928148554,-21.215243760657664
2,3.919559537537192,-11.33782223513251,-1.753747000859076,5.881552110767705,3.9430290203401985,-6.8085146885144345,0.46078331783785953,10.752522582041372,20.475422831304538,-18.448005669699455
1,-5.939233876376505,17.840897670286626,-15.431821379925509,-8.99852054175298,8.525101434207587,-24.656719933729004,15.485093787794856,-2.748112322589465,-32.223080944168956,2.8602854182181616
1,-21.799410886884566,15.054293243416305,-19.794067418402825,2.1605011529343643,4.158152237261053,7.374142491575344,23.022640981975393,-64.1760197785786,-11.980396612851028,9.617448671125095
1,16.062423819760173,-27.61435845312635,1.4996429340355455,-3.557793129573802,-2.716269725062556,-32.92122431267795,-32.389512238910896,26.91217568581685,7.777418084803048,-6.809546399871466
2,0.8696571552285977,9.749122517125576,0.6540550561753014,5.25152958039272,3.5690129130178936,3.6916350289190802,4.014912837964668,1.3562229802895,5.534189782561103,3.7789484773612605
2,0.7902491846086002,-1.534581804521269,-4.469041176726116,3.353092068030943,16.498220798104207,3.0667329388778346,-0.9621706713349466,18.42092086524862,8.556005881511116,-0.4901520758167006
2,3.0186499631471095,16.257877994012688,-8.402653636421658,0.5537899880345147,-2.110881712523115,13.361657394792001,-2.408321818682117,7.476754695966785,-0.9390801964130358,25.588570488566617
2,4.2779693049695275,-2.6788246099839816,8.702321136942476,4.526250220036174,-0.09813776284565634,11.27878135676795,1.0882538940024502,5.311016034894021,-7.58262103094036,-2.0341652645187525
3,5.24057988366629,8.61110413182182,11.548924613545452,-7.819141120976199,-14.003115495291405,17.725629906495577,3.3812592254599556,13.65691940000292,9.616835765147522,-16.30118135592278
3,-3.3490498665960837,-24.001421554460205,5.561281389899533,1.6793639998276197,7.0036173354018505,23.971743029242685,6.596872653751899,6.55831353626279,-3.470237349103628,-22.442916747239252
1,-2.6224403462759014,8.35556876907452,12.99971526090565,-2.7221384269291486,-5.764345617389805,-10.297039483193464,11.37848169598252,-21.67636795204533,-4.185523754402712,5.189806888516209
3,-2.640461740540829,-5.151767924596914,4.127345231035893,-2.0537924569677717,1.599275786442873,20.410103979316336,-18.970876938264702,10.340806936772541,6.425939206376158,-20.532402673651514
3,-7.488411390441647,14.177075891096562,7.6209331306589085,8.887022016363812,-13.081190053966917,-6.847020517186495,9.442497241782185,-7.166710919202509,0.09556867789184875,-37.63564511046362
3,-1.0787247591329878,4.743075026576995,6.8736396274569636,-4.469276682249009,2.6582372599612873,-3.2057471109486126,7.248647073501247,15.614610472047513,0.994059657767388,-43.31353508660446
1,-24.426669807221298,-15.428742013646543,-35.465335092081766,-6.652963529894316,-31.189885332934388,-16.934148476235343,20.837934160860744,-21.79168942205834,-7.628874770182379,-0.3656383449611642
3,10.591984715981273,2.088539559482189,-13.327749208169207,8.414348542179585,4.44650933147815,3.2979912881567914,-7.568236657000018,-14.092943878368875,5.47771030536364,-37.62741701842015
1,31.9626170487729,-20.20423740687911,-6.440717444653263,5.299346208758145,-15.690080248322143,-0.9245947064473574,-3.985387345439979,-22.220190328663367,-21.843584772360387,-7.041641058727057
3,0.5825883508737647,-2.8245196611726806,-0.1975641463775959,-4.625305155882354,-15.156739736799773,28.805161773548804,6.580045548424027,-3.5224482147623144,-4.160967294778075,-25.86516683277353
1,20.834199094605836,-35.74592782988147,-2.975038484414114,-5.292011610042922,-28.360463042575255,-20.35947491187379,-11.58717113482889,-16.283202418274556,-23.36826854647121,-3.571315774991983
2,-1.9084668059273144,-0.8703424172140983,-21.968007176054027,-0.7857235039480837,7.966047039445654,7.77950732632528,0.9024546197252634,17.35344913098102,26.740051720009255,-1.7127068653350603
3,10.840801630905766,17.877504365383263,14.123819905574738,0.7255744964968731,-5.906515448351355,-9.52435489877627,12.941178877724713,11.227750560083656,6.790175259545199,-56.634578815000424
3,-10.404424838255832,-7.118454998304283,30.233820487792826,-9.182645949906824,0.8799893783157757,20.130868192213292,-0.17442685018108006,28.90636828878121,-10.572697615813096,-11.334605358948272
1,-13.92621609523419,-30.227110097781047,0.14437271942130003,-3.4415108231138167,-27.705494816694383,-16.96458534464522,4.185435776107187,5.753784403865899,4.317837015968821,-3.0769443421744205
1,-2.9129210999461703,-0.6212637345017874,-16.71379050210232,-8.377242788979501,-10.318226178219664,-6.268568812026476,9.884702467083047,14.016955193414454,-23.586629654955523,-10.093187670726323
2,10.044681779507423,-5.270932918244084,2.9174278271949943,12.932064371672396,-12.13589513463033,-3.136318154116437,18.984912415195378,-4.766376396813345,-11.225600481723415,3.4453127066984446
1,-8.52772434069507,38.325627894445546,-9.614566548336862,11.825962851942009,-11.345009771829183,-17.179680703835725,-9.010835081547404,-0.3435412969207041,6.998131509427414,5.190356580442124
1,23.32239073901299,12.873755187314192,26.687666853396603,-5.65582473114707,26.39438688784705,-3.0812170770233402,10.298969601950278,-7.285543194227441,-7.920420928826818,-11.385349564265994
3,-5.107752399643813,-4.317986505025452,-11.056219358880575,1.6479662761719185,-8.033137988704013,-0.2401246517236748,4.344023000641244,-9.837586307793224,-2.8416845770748704,-21.671871140654474
2,7.329210339196576,-3.5083631061217053,-0.5457492690470356,5.64043705603607,0.7583669387337908,13.204516615326522,4.224509448578888,1.0729239268960056,-4.798699740969794,-3.368398671244603
2,1.0267717052881817,1.5159424403903334,-6.381035887542119,1.3789331552827453,14.469665614701825,17.885048872926728,3.892354647185237,6.83759723390293,17.181693835971835,8.982329655492816
2,6.337473193716263,-6.770315149278599,13.358257252552688,4.943855719881407,6.117105211054533,5.942242068434449,-5.588345813633475,-11.058152064510942,4.346941135991023,10.866851192663807
2,6.932349209364373,3.8305634605027863,5.862614543410313,6.907496344459345,12.119645334061364,9.415216550594698,6.775684555125378,-0.8754867762326883,4.355725583989166,1.0609761770486155
2,0.40978452591066894,12.762823148810138,12.919454418779683,3.8044591314890237,11.002104425007634,8.354949280779108,-5.572233305479017,11.50695955522226,0.15320733533887054,2.0431428467419277
2,0.24298773938084084,-14.0738684976138,13.345213316843756,-1.7543407713944172,19.45250040856972,18.539010391238893,-9.622835670689362,-7.854978969136167,2.3617991923163615,22.226559856244727
3,10.29606894651618,22.185879908565543,0.7832100567382783,4.284359965151112,9.687545561761816,1.7636103601800261,-1.1928626343465634,15.23146308765066,4.934100879753033,-1.758870313631867
3,-11.546176901326891,-16.862188165950528,-8.761978458136126,4.74544054445383,10.02844792283094,28.748728439637024,-19.390224382840053,-9.409373505209242,-0.842587564848545,-7.4670128934214155
2,-2.0760233422337815,8.911127255334506,4.556974846049742,3.5686854907644348,8.544194598023282,-4.28790771407576,-4.37335688216242,0.35920499538394957,-12.637602828777304,21.46167115499997
1,1.4409386802170654,40.19697954590566,-34.54709587872276,-8.360503377946685,-17.808636588938498,-25.15066703688238,3.2449236449100054,-30.49136675039839,11.034697193782392,-5.336749823726242
2,-2.76558011419988,-1.483301230029427,15.230709522834937,4.144328727583209,5.544641852192182,-6.568368523628716,-9.863855565915156,9.68441683998039,-2.3590583553818076,6.563118032554351
2,-0.6613501087188736,1.0891726489820068,0.27960614455774735,8.830148408436836,0.9221571156408102,8.209144514983343,9.335932287870923,1.8703553952725933,-7.6234904254648095,4.569369936911116
1,12.100723061370953,11.702859991843315,-8.510140217068374,-1.6563901691360683,-8.843470501489717,-12.142833376346633,-8.590087402343332,11.315628369028179,-16.472129914295163,-7.5749743612465705
3,-5.805510862195034,-1.4499193582084344,14.287485098634987,6.070514378909329,-3.069807771548366,13.217499933247499,-3.298978460124083,-1.232179539154667,5.74778856290976,-16.09714284584266
2,6.306726422895705,-1.5973743159176403,-7.010040392574261,11.094889341572106,4.088846273194932,-25.452978754960135,14.872992223006149,27.86670495431646,4.839376839491999,0.2671214689832979
3,4.073582120024356,1.7707426724361297,10.27366466908902,7.43901253667288,22.057028909142957,17.732679586072635,8.200015376151375,-21.971163916920727,1.5400747418053724,-44.51654800560084
1,28.14891120001723,-28.798158569849342,24.77802565661728,3.349073634744696,-17.879640288370027,-12.965130552414635,-0.9646160532610824,-1.5050773820204757,17.506043852988533,-6.944899022338221
1,-13.539740886909158,4.298026690979606,12.163374665160992,8.0054202347219,9.567735981846155,16.724595950386057,4.44152230420472,-25.386368757879755,4.089547473736968,-2.2091621732120275
3,-7.960841740753939,-2.1988388634722633,20.127801046395554,9.708313555744954,-6.214154776896294,-1.3587284239189437,18.034878281741168,17.552278936989058,-8.731845153112383,-27.564826639744265
3,-9.159445926401379,17.025262355822097,-2.3329146625026267,11.229588695766132,4.0153510068671014,6.739888798976413,-1.642905077496657,-5.233884397366774,6.453830862010546,-13.085465479038076
2,7.228949751397764,3.813456916667155,4.267132601509435,10.446360689731632,1.7259360774905614,-15.302991134801545,4.88900645685439,20.812653224232918,1.3442659447162977,-4.0503922082535
1,-31.76288267400339,29.48022688459643,22.495899401545465,11.403493647967064,-21.273568362086344,-3.656547558417249,-0.07068596259960835,13.844223508016714,22.708130354323014,-10.486169214089344
1,-40.17478338126679,14.75724629928687,-5.020431106171556,-6.5641606240210155,19.979603470032572,-13.821895189173162,15.521496563255443,-6.571882484578074,5.760739972438134,-11.92685509048257
2,-6.442257832147696,12.21109609499618,13.37921026886073,7.3547066509983825,17.892862024533372,14.970835063278354,12.108766546783956,-12.547817908871483,-13.36396257412413,9.934624139954312
3,16.513823606573805,-0.17556042422069146,-3.0317593457002534,-0.6437106047233376,9.451752651809363,5.36426591263467,-1.4333430955924098,-0.8455234181745857,8.318596493521879,-50.33585167870375
2,3.794397344076774,-8.915924476052433,1.3144376171149035,6.2081884004382335,12.285079170690235,11.298231534833405,15.858812764923227,2.8565874322564255,2.506625172229121,-24.543330503030575
3,-7.0582392240480365,1.8827041231920432,-0.7850001663529065,12.896342677871296,7.032789262784451,3.4243852144192566,24.20001557181322,-15.825629798534123,19.34839824503369,-16.633398889683853
2,-0.3976003181257459,26.025455020615162,-5.515095216531613,3.817174029364132,20.374217740660107,0.9562157555349522,5.677464996128383,-10.390132538358284,0.8259875073548009,13.27057555362576
2,9.361560024055267,0.553775732571546,5.440957760699339,4.5956208621199215,13.695431321105833,5.637421437648031,4.172281771109429,-0.9728077496066927,4.1603077774748005,1.6436474301341946
3,-1.631564449592874,-2.6102942834461955,-8.342046080328762,-3.550906289867962,-8.761209998338925,26.07624242585446,0.5432439633676132,23.7710981067597,0.7840405677276101,-28.276743001071225
3,-5.620783765629785,-15.884374021156052,-11.209963262930708,1.991933369137323,0.5589772222133891,-5.658833899564616,5.541472934194065,14.417866136126992,3.865276546700824,-14.364269444086377
3,9.596582809862003,7.9269386875104075,24.990082550082718,-10.369290906704933,31.654163836859755,12.699764678933342,-3.7326812726327923,17.907291097882364,-2.368236191213481,-21.86201948348067
1,-38.986262999936635,29.680036148063213,-34.477677536731704,-0.3517839583422213,-18.784695280343378,1.7057031118749029,38.24143760558548,-19.968425882969434,-4.7376080955906135,5.431933031211228
1,-26.659679201338648,27.603074454485142,-11.659964053575898,-4.8758512604378,-24.84170230460778,0.2423455739794136,26.736813018437516,11.06772470994348,2.6562858627580104,4.13700348758668
1,26.54998985782795,2.760630935131926,-15.440494526331031,-14.596074321538902,-27.642604006677274,4.886840854944604,13.80887746369096,-22.21862383885252,8.19450751983388,-11.80582516050987
1,29.40007856341971,39.15680168324715,-43.32314218999811,-9.841371180880913,4.430161712758794,-11.481300519156115,-18.986276783890567,6.620650608095533,-13.624921119672038,-10.271494864047764
1,-28.276217601202745,20.96982140107429,-6.118483509353505,-21.516201805091313,29.62450874511621,7.665408662538101,47.87802588056629,-23.37335541724471,26.199145053263905,-1.223693599471341
2,1.5049626078285006,1.2994565958291244,18.7474420142296,6.232500962214178,20.432047693127842,4.923776510467848,15.335694910238475,3.402325126588054,3.9112310442698712,2.231691096965372
1,5.379067349117083,-19.783870271937058,23.256801584722986,-0.6165342855126874,-2.1928074554587638,-24.43909405986814,13.927647080728324,0.4344298132827742,22.79333703412503,-10.818949602750282
3,8.284822220513547,1.4137622168753792,-3.18755821568387,6.102734829411214,7.1415940771890885,-5.603838397813469,-11.958030630946409,-10.279957652248047,-0.936807588211052,-21.23770643037833
1,22.03353107292515,-12.350418025434713,21.020569778926834,7.523035140128048,-21.689741960878383,6.499634992714703,6.563948605754596,-19.7775163282419,0.056603127226813044,-10.976989772232738
2,2.6342821823760376,13.446848886597305,16.519656413444057,4.131180960448355,4.9425321463363225,15.72728184569566,-6.697990497145286,14.88496454797182,-5.5865049705218075,8.610039876967337
3,10.919001221431639,1.4938253331903648,-4.2022886777669495,3.7289123421420296,13.688844416997805,-14.611008042574195,0.8018197670284941,-0.06390306750017904,6.940608230991351,-43.87238615559889
1,1.1553341842867018,13.212010992065531,-18.773150610274215,-12.927643078096574,-21.898585440256994,2.361068588429938,13.492854297985739,-7.602517912620365,-28.400609323130293,-9.332413639281404
1,4.752531166607863,-39.65977477027383,4.109225455943844,10.627263938987236,-31.62731377363108,-20.6954244863152,-7.834875162468464,-21.644415885106824,13.687321691994367,-1.6833442037722728
2,1.7833005329195806,-19.51325412216264,7.906147286417912,6.468927004714484,9.21625887863836,22.639575886889645,1.0207554519755253,-11.065900219174654,-1.5143301711165282,-11.66208036332083
1,17.47126239856738,8.729918202136515,7.505284811190428,-3.9837504716502576,3.3364221006712995,-13.139940566743942,-32.10930425387786,-6.789503216216099,-23.47870357015158,6.1853772755036385
2,8.089854848122823,1.543877075315382,-15.976551363987962,3.3779699572053987,13.366325244626765,2.398401977701405,6.063006442876304,-16.166875661229405,-3.84762791809782,30.92387206562355
3,6.185366581173803,-12.541708345227757,3.89982495520728,-0.49020689490712366,14.002461748220982,23.150204145855056,31.8799155677827,-0.29709069587626846,3.5958976137307186,-27.052527280996156
1,-40.679784601916104,27.213049215839252,-14.128296617139782,-20.007546941320893,-11.374634748150847,6.26453049450392,12.964517252554762,-1.5885608586768916,-26.542439059230475,3.5528243637582904
1,4.3545541047857625,-7.217809690121918,4.538994295812438,-7.176236519536339,-28.277152100622843,2.7962257329420135,-3.520641768442,-4.391656354887108,5.474500259136771,-9.281651806208481
3,-5.821330975421431,-11.698019528467835,0.8804048729438595,4.396820416875663,-1.5537488437927376,5.2970115251499275,-9.36296763873449,-3.6822604603697453,3.6353743020185973,-19.719864390892603
3,0.9185044008873277,5.024812153730312,4.916249355393304,-8.579573764758536,-2.729980023852152,12.252845774590767,1.942179249977052,-3.961806403477029,16.903097199724186,-15.490493029052622
2,2.355505296647989,4.655316012966192,-9.012691679848965,7.5765386515491,11.784938368411623,-5.395916943001622,4.240275738126068,1.0038444152609554,7.053184415832956,4.556846753937292
1,7.5040331322960405,-19.641065523134248,25.72466653901374,17.35059440312227,17.702551778678476,-13.457237849631532,15.833185727208654,-11.860940900220026,3.9631463045858384,-10.466645369905923
3,2.9040006267521363,-20.393962835884047,-3.167297612688629,6.856705504153322,7.447971802512132,1.9103699425032241,3.6513451902656895,-2.38684322645919,-12.542181280727352,-6.0240896265924775
2,-3.8753008938975806,12.897909924386653,-5.482905001585911,4.51868044604062,13.268481778341492,15.776045512908638,1.9791465550114724,1.1417242904967742,6.482940953984615,-18.060785183603095
2,-5.0587283648733745,8.453542445605617,-2.375703113078937,1.1685307529205295,21.232660065554256,4.457865950121875,-2.930345819278406,-6.787750871699397,6.244814684899751,21.374847597940132
1,12.474428758512332,-4.701498283286358,1.6344224867030093,5.713519382203412,9.548198031448177,-17.451059428177043,24.885817077391643,-36.856695884907516,18.232333286984506,1.156044820420055
1,7.571721751351104,14.093096713982034,-0.9281738856066224,-0.6973619313730306,7.40212388159234,-2.5906522074721696,12.864950757706726,-25.54489634614327,6.054471671974254,-9.052990239244714
3,-9.810712744017042,0.938200133533843,2.1928336171961265,-1.7725341606302867,2.4038854635726374,13.638000596699916,-21.913968858893583,3.122575366276197,1.4236344614970564,-59.38082115340478
2,2.8287219662632017,4.327180121241458,2.972702943680554,9.204237923052078,2.9162988380055737,10.688085877634414,10.953833968926205,-0.7513849579965646,3.7061010537385797,-27.041336739192403
2,-1.1670153530127796,-5.80941404401319,8.137030357941496,-3.1559998277406263,7.127665240244719,12.498546000815567,-2.3647391148112975,14.264762689954022,17.95379091064532,9.936165001384122
3,-2.5975376311099936,1.6181002495413037,-20.795016508537692,9.296264904776667,1.6776446305627344,14.175363913157756,-1.314798288647086,-10.182319112090006,1.1125714840228673,-28.926361612785737
3,0.38468925410488375,12.190518610716643,0.9467985425055829,-5.531149990942718,-8.500380486872315,21.283854435732646,-0.8559951348409961,10.505673231702225,-4.710212246977689,-29.684155627888806
3,-3.339639732333013,-5.5589880199687824,19.659499954331434,-0.26669501825720676,17.189665012089606,10.760979606625334,-0.8770904446602902,-8.166840902159933,-7.260246352347499,-15.766458562752494
3,4.253221485525485,4.607553758103339,-2.913981571391928,10.138728095675468,12.13578100672285,0.26215716032734715,-3.1086799585947538,-0.1252795075721842,4.135442361242381,-14.985065621913293
2,4.83101098469562,-17.231479213027264,4.216011591725625,4.0244812032320105,15.855622427629536,10.576122081861605,3.7059805468635596,-9.886653939722759,-2.4752717217260827,15.116986679391573
3,5.8281912503687385,0.6504963479678946,-19.5057015802261,7.460479098383314,14.006617522543023,0.15768460502956305,-1.1453586047996926,-0.5481723659727473,-6.612947165617522,-20.685108627220167
3,3.9760227252838862,-14.521490734139991,-5.686521447937007,5.349087405393401,-6.993756628025835,2.921972569191273,-1.0045600390613978,2.5613191844325165,1.941094747957024,-35.29821813086396
1,2.688982042330553,13.596445568071115,-1.4365921844598617,-9.474278477106013,3.244747623985001,-6.483130356207151,7.63249577968177,-36.586042966990235,-8.91397542349247,-4.595169298282604
1,-23.40412827004827,7.96858060488781,-10.718359768039942,-2.1293105767089635,-0.9512985871106077,-7.92133897949741,11.904176205657222,12.538341294289953,-26.74191751668416,-1.8655257585315272
2,4.645780721638415,-13.307572179722852,-10.153689164689851,-1.9430634847230626,-2.445221263143246,32.581796001200395,-3.8512510490840888,14.84234162498549,12.55787956917873,2.9103633170175147
1,-10.126051258808722,1.4354504250336015,3.7955809678617243,-10.344231805166826,6.190782416671002,-9.224167755313687,-13.571256519800128,-11.707873876670625,-8.810246479993724,-3.112367136604883
2,9.02685957094588,14.21543461000355,-2.0098249551176703,6.403356573543436,11.942186553833432,-6.921875842775875,6.186284966557743,8.703587425270026,-2.844416310694143,1.23652909122859
1,-34.65018364730695,0.5879633460386766,20.48200370897354,-6.009111745009362,25.8030140950667,0.5253681672037374,-27.50734914812819,10.713059761872795,-2.279477979450007,-13.702858846666377
2,1.0500472367481035,-4.316127815981074,4.832958979312499,5.267988355650212,10.217045656638955,19.206400506169828,5.377494176672712,-9.103354969306167,12.211067053342234,-24.10124591261289
1,8.64813577328405,14.0814897957047,-7.785746345231669,24.841555378442326,-25.78289517852808,1.6433529229822446,-35.040286660336704,-31.53079058428604,-12.347470900153393,1.7315699638361277
3,-4.285869736799276,10.369457114228043,9.375885600684533,-4.292310255918165,12.104164141025201,7.334282889572988,10.291037385165028,27.59916700357404,-13.653830263741243,-34.6231665607835
2,2.400498859974494,7.577360275384435,-2.485437761576991,0.758660054614777,8.186340600857099,-0.7641729555844199,-9.883280144588241,6.762568694310674,5.753794244811001,12.30721393336962
1,11.5517790746495,-30.491911751047816,-21.07452600784041,-0.8047470459230555,-18.338025376641813,-16.93326302830659,26.3946454765295,-5.429220068158396,-30.939212741282812,-4.374733095727086
1,8.560346203601643,8.455962570322248,-3.048290863301847,-9.035277560079885,0.554704803674416,3.117794869908214,-2.854878637187855,9.673554685987014,-22.11967094255671,-5.555028314671702
1,-3.3546313737351454,0.08079047105590709,-24.34094538881023,-8.801717300908951,-12.051751043988656,5.3091642699993615,-29.934150005186527,-13.837735365639006,8.037133254941761,-15.542964064510128
3,-8.58640251041168,3.5799839692098434,22.488474276803743,0.3760584166666976,-9.025766601662372,1.4531200067141343,17.265514563232003,18.84974665395524,1.5870514389406223,-26.873648213194578
1,19.781927595116983,-27.953173085651567,-0.9605403709310183,-5.951333968362022,-10.435967368492427,-24.99912970312646,-13.354811514094685,-38.50092000479955,-22.33217098258012,-4.405442585111476
3,8.769887821992716,0.4396026185149775,6.674178691466356,2.965446394024734,8.407426488761145,17.318509435945646,13.358056885218035,-1.5382139811133473,4.277840435651166,-26.723322379941543
2,7.531192662439537,-2.8665121558293754,15.124616154515465,3.6790403839104693,13.436256341560426,7.8873719842952195,4.021187000514794,17.094623449016837,-5.951140783552833,15.621377611194458
2,7.591549809969182,19.49124101827745,5.551781150724988,5.86753853328936,6.986309447614875,-4.171551154167834,3.6153346848041457,17.728089584411297,7.688287688607241,-10.77525089927474
1,14.069970744752265,4.606615194527067,1.5575067341878972,-22.248728056111947,-1.6486244446902774,-2.020442280678866,-16.997236479752246,2.1542821274649837,6.656007180306157,-9.90248799036429
3,9.674097208782328,-5.902071988241953,-5.453220794298225,-4.1942572461132475,5.202615797395994,21.37320551307997,-5.361319961106906,26.511033692718023,-11.617747204602372,-32.2587818244813
1,13.082497298145949,21.26032335092672,2.863865043885319,-7.081500984778781,7.394126310840635,-27.907161214318357,-7.215638302823534,-16.243878581681294,-7.886859999465605,2.638449261726314
2,2.599640467966924,-1.5079877728252238,10.260598808555576,7.606849348182081,5.591417128319712,6.645899407613983,6.902580130124238,-10.828604738492064,7.947033682352812,-3.8408445937624975
1,-46.335673187479166,5.347832828385912,-15.950640098130222,-9.969914866777152,-4.35259886058701,-14.539901307785797,4.767021178650977,-23.38205085119598,-9.179095215524384,8.11156344264136
3,-3.95028534732473,-16.347511447909095,7.026209710554465,1.1065678141054471,-15.611731067303248,-11.176607196736104,-2.1705449062927085,9.045691540315634,1.8349554555089733,-30.140828830757414
2,7.02485860989275,13.282990041784622,11.347633957294452,4.168784202566276,14.256981869837508,15.30114809293578,7.077588542641601,-0.30398735634801977,15.06831777919345,-16.03610999206964
2,10.491112030170044,-7.641766153040944,5.221015256327708,6.6852062752553785,-2.12381523329695,-4.836829242367565,4.163367557614258,-1.6915194764891641,-2.9400709691268867,15.02178977171962
3,-0.38882730704334967,-6.071008764821377,0.5667711146393543,3.1115930907241376,-1.8438999784811538,2.913927587439413,1.371599561373151,-10.864558360631499,0.23052185444491458,-56.57960159724634
1,3.800230743207376,-9.875426849657702,31.985559645371282,-16.51022884661118,-1.3657605137826403,-32.73054560715303,-36.1777484138995,-7.3358972588133495,-2.667098537473616,6.791825766489241
2,-0.9874045301088299,1.0948530106367012,8.954307768090281,5.35064300864978,-0.6730776288195575,4.0123882519220775,-2.9029770851052747,-7.932890982061262,0.4514576699694106,23.734109543863795
2,7.566230194709981,-11.73879837973053,-7.288330307172602,-2.704985992272277,1.344947206928997,17.618511772173793,-11.224619782431784,23.313985086232947,2.150322856644803,7.938010236461032
3,1.6037311079322203,10.028750092758624,8.123109946374736,-0.38286693752393086,6.492004205762775,36.65701086644573,-1.5758585330022945,6.062785540541812,-7.456786621249844,-17.29212534316379
3,-0.8255992179153249,-16.319587146550404,5.441527068573345,-9.50045549117658,-4.486092065946542,-4.563839853252265,-16.619681295248725,6.214954335951398,-3.5749854722762135,-23.869095463848947
2,4.765280766488817,-6.566791088688896,-17.823076820275677,9.667648650609124,-1.156513929199547,-11.914290493184357,9.116159058099027,9.354286698740236,6.263156994530083,-16.372323298243302
2,14.8336215109622,7.369426880831617,9.686702341643793,11.442772764102303,12.200168517309256,-14.977718380629529,15.065694897553886,14.659831405552783,-9.616290110325291,0.8127921426749416
2,-2.5902897737798862,-2.733704344509513,-9.583891236209288,-2.014133920537702,-1.8797247911243193,2.3737870748801466,-12.500475055736699,44.26834748096575,13.526470248652533,2.0273831753087337
3,-0.9856247266676861,-12.493033951326897,-6.050116435427845,11.423781633665563,2.036831263269864,16.913331598027312,-0.28737642374752576,-13.686595701384867,3.025501717967262,-34.80625219701252
2,-7.23014335268542,-5.844674471827482,14.816358035935535,5.996502210584983,-0.02443758374940419,16.257217171891565,10.966194197506843,19.33635245824541,-15.850747377064277,-2.196363188557572
3,1.4483270598913254,-3.2071964274042943,3.8550668748308237,5.901650750957843,-0.6624164970799953,14.205277304057347,19.061939769316467,-23.609050943407695,0.33883073745279346,-31.05514569872146
1,-27.25344565718068,-4.41169058692012,4.520150049714168,-14.0513251916752,-3.87114649608152,8.903080303718735,25.5362987647892,12.986560575961104,-3.8941790150259328,-8.2231866322005
3,8.443081446307456,9.61850267183768,-8.423230891810219,6.118221449866056,-6.363482293786152,2.9188323099710693,-7.610245251597023,4.423949404177536,3.017267493768143,-34.30560383902739
1,10.913257126436779,-7.076547441889604,-15.123779407364454,-1.5785262583547448,10.209885239065065,-3.9158745079404684,5.243937605692064,3.2797494157508735,-5.7176359491041975,-16.520889148715398
3,-4.602803098343804,1.9141784777055828,-10.785495036176139,0.9390903945942357,5.699601293523015,25.951366375227607,-19.20583930239022,19.831787407819398,-9.62505475463389,3.404704137849997
1,12.087545741229746,41.210531472025465,-0.06207460062985337,11.727240298630305,1.6469822824618152,-6.960900297293442,-36.69649646732091,17.700452594413097,2.219955049705767,-4.256916185872685
2,-1.3721399191956967,8.027859762785777,4.3596089821864785,7.887442928323964,2.5770444580686265,-1.728416572370162,15.852914925509648,-0.649870118334106,-3.807213985271656,18.05745140336279
1,4.208362849659148,5.609152156019469,-24.326399570439257,3.34942815728477,-6.933083764319664,-27.44653359065521,4.402492665087245,16.266578617513673,-15.950494899930476,-14.154853699836668
3,3.076412592470664,-17.263203080878487,6.691662127229055,-4.102176584570411,-16.30675434374443,3.662023760278476,2.7080275554296893,0.39157521795284866,2.3076499167410165,-7.844810425176366
3,-9.775411706758021,23.595150448746885,-8.690818908012899,-4.948101618816763,-17.949198710709837,5.4334568697568315,15.385541870382765,38.74998041409602,2.7476472795378584,-27.874322904920394
2,4.491915818111728,-6.5020377476744216,4.571380465865034,5.049378621627966,14.307307908388802,-11.440742812359481,-4.293187997700985,-16.185234693885736,8.975682817061617,12.453876438856566
1,-19.445465345153824,-21.326089356730904,-14.138815186944356,-12.354898298969193,-12.746054898305248,-8.102773056569442,-1.6371573780946425,-19.134101098269443,-28.82500342944627,0.3255182459973218
2,-1.6886603244521905,3.781104568303597,5.821656358450365,2.3092722241245687,5.172726773177469,28.39151261924692,-13.744747383920004,-10.460572088148005,6.742614129984592,-2.0233420257222186
2,4.48393249575731,-3.1236601281260286,-8.31463698263579,2.040752511886889,10.98972634008842,14.481223124896307,10.965701868191356,12.94692668885647,-4.02057283390322,0.2648681574869203
1,15.647752146012927,-24.25356165677527,-21.13531098627865,6.156598572976888,-5.359351319916304,-50.19696832347142,-17.707868293884317,20.518554230935464,-22.539546437861965,-4.600261937735001
