7,37.2845963592248,59.11735924529179,47.62994391466601,29.06676144791334,-3.189990477886637
6,-5.869602705313026,-17.42297882410015,-21.16241963166296,12.969793188647897,12.727688032717431
5,8.250046027096207,12.887847951472125,-2.4709997100346754,-33.58280956067804,23.080652793515092
6,5.961887568712004,3.30938224916284,-31.39827910714645,6.375621243686537,29.591653324532388
1,-36.089532798125404,-11.331734792139043,-7.708638456798359,-8.287949275127957,4.276145202087934
8,-34.10421816051071,61.66367125626326,4.938629960285581,23.987539502226053,29.903266182457003
5,-7.779026475081369,9.820172527504262,6.059983538595322,-29.22381495606402,29.088636678441226
3,-34.50136407104836,15.358237978424759,33.645312718526554,28.240644951316238,25.824402664550863
6,1.1205851205112038,-14.354707621011123,-50.406558027139454,6.9054551391323304,26.974301173910053
1,-29.078113863674176,-16.19432989985991,-11.251050692165347,-10.971938681327508,-12.409701936990054
4,-8.560733561593452,-32.968248722724255,2.346091600499122,26.80170582971602,21.21186245775867
3,-41.93304566524036,14.382374618269267,3.306066627634453,29.03945987641475,23.468394488300227
5,2.32420046730243,6.6763121394688945,21.866343453808256,-16.30321251371163,24.751750357961864
5,2.8604082244003894,10.344147087401257,18.067271916110172,-13.54580561343369,25.070659414836623
10,28.253235197269987,35.87741076016601,28.073648373275034,-5.370262347482011,31.15915153071513
3,-23.7386083572488,9.395544242833317,7.338506188017988,30.043792917286545,28.27009087488436
10,23.963680663352996,32.9679770865083,27.905301339581438,-1.2486221553294303,42.32661749309623
3,-34.83637107921911,9.012053188393656,3.3045856443110817,-0.197298257720103,49.65535478658057
2,25.234847893215083,25.937715727046463,14.610376596037074,-0.970014705787694,14.522320330277603
1,-7.78910064878949,-31.679904461813738,-15.884068175673194,-7.028549717148417,-29.92871894334437
3,-28.717109523361223,21.29339946101191,16.957463603638836,3.1040780521109843,56.20765628703087
5,-0.06732710680881482,-3.2748357811345077,14.057795184546173,-3.9742018925982627,21.69687449794244
4,8.049368297152196,-35.55307822394115,38.28979072355487,2.1474278609005033,32.29285325855819
8,-30.671904328186052,32.710331289519026,26.791955921691347,16.14295734791195,29.574961397982573
2,0.19624333888649836,10.090535618513215,7.934818757437961,7.0816844544061155,5.92887127691119
3,-41.244373881343975,11.289115201853551,-5.4441181700868,5.020570558527893,2.199047320519572
4,0.3692764757553639,-23.465145248601047,7.4572325192112086,-0.34643975977778396,21.970207509217378
6,23.470555675371035,10.673361152649319,-20.770654167761343,0.21332685550541375,29.755044696207584
2,20.5178145262822,16.99568464649687,6.635505762970055,11.583543816759407,0.9793159032545442
2,27.022777553928144,14.250839918827344,11.544699582824634,5.430324312489484,-5.33874060129501
8,-25.08518590208761,50.920569419685954,26.210386213773198,24.54826170696323,27.109552554688204
4,6.662809901053098,-22.375196404061608,-3.131428756406299,9.429690774056763,23.521406330668537
3,-42.88656058886128,0.8736169640189697,-8.548737484989655,0.8470852620620155,3.7884027140696723
5,-27.625138976366816,11.650768276959031,24.211328328528573,-38.09594306231737,23.97174726686798
6,-2.6171108101636023,25.09312171434614,-28.066130222821705,-9.579303043454269,37.21726036083299
5,19.79788010703723,6.066796729118596,2.3062013393726746,-31.323512558158356,38.24725991254798
5,23.505144151533273,10.700670952073104,1.4009540989969853,-23.82285994868588,41.5222634643692
1,-17.623588190324185,-11.91740939129243,-10.453708763389653,-10.275831446419138,0.9269966432634362
7,41.570536223597465,39.065023063244126,31.112110460311662,28.304670438090803,14.223120775444713
10,46.128514227662606,42.288967932721135,32.864583537318666,-20.56939954651928,42.493962302921844
5,16.500372023387992,2.052188923022767,13.088370595647657,-14.746075150500083,34.31285233469094
10,17.906152093957477,27.607090426884632,32.20731807069067,-3.761408109121822,44.37349643873368
6,20.03655103103711,-4.299589468319001,-29.100992476002894,0.5623071517177414,17.484720391885876
5,18.32926720072214,9.61602618325201,10.82529374600521,-32.451381932433534,18.717541255516146
1,-2.8917052890692254,-14.538647695036438,-2.0543060261944444,-9.442643530152196,4.523701746716194
1,-24.703351159374172,0.11813473023376986,-2.8024288125498167,-9.54851251913924,16.619638427902935
7,39.666646234304764,30.790544054758108,22.544393181160103,23.382743010064942,18.021289855306062
10,36.60242878015496,52.84527301128048,33.09763880190727,-20.82167800344652,31.303400276982156
4,-9.350446907261466,-29.626019619462518,9.630676040583873,17.070571034953456,47.738696010247054
3,-49.874393527638134,5.614680582181012,0.964459029356159,30.51658579710331,-11.934832265276896
4,-6.211366320410305,-6.407329720371811,12.545202490138063,4.448363407288651,11.635680676817834
7,46.54214342427656,50.86682438765191,44.37296239263148,30.678589058612776,25.760258736906234
5,9.760835820072689,25.893491002571476,2.637920926930887,-40.76282413979568,41.33304534476437
6,-6.246468670863621,13.38090772111681,-31.098312514279396,-7.410193127692226,41.57271375667899
7,33.72243258801401,31.4655886656123,33.82985054808145,37.62580837761407,17.42471842578885
1,-34.06711681636364,-18.033755610334023,-6.695711289515709,-13.347841701344414,-5.492150310878348
2,-23.365546864702146,-2.9559676072763743,-1.3520739509313557,24.76903437390559,0.021999751680517043
9,32.637952206774585,30.94266732254268,33.832468853234396,27.842655354781403,48.70094257651627
9,15.597730447981933,-7.379223467460815,24.896942667573146,44.09229413722891,49.984118238907364
10,7.554925331783078,36.630285070967865,15.818769408283554,-7.967501419286903,49.11844907697442
6,22.371020559650265,-0.29394359910541645,-31.55342991630345,-0.03612408141068446,32.2179459837535
6,-8.1191533516898,20.719231079421377,-18.501806974544486,1.2627364779733918,50.190817314574865
1,-22.455261242116215,-6.748929516981686,1.3947746624294979,-7.808610504575499,10.874325234838262
1,-19.77202641568919,-13.216887212352884,-4.743414810218045,-5.297118032223669,-4.913348296741573
3,-7.390484350750615,17.461365597068493,27.515236105247507,-30.508855602845784,-16.588061031781457
10,12.195624973747002,40.422949474838724,40.666723239923094,-23.846144429711664,27.562913162431382
9,23.61741526008388,10.889105609242721,35.18165206855571,42.26842832170597,46.368499751479845
6,10.972594325759879,1.202532970191287,-36.44336543054706,-14.12287360592069,6.757705554739491
7,37.964906955074746,32.33614364340437,27.519660147266716,25.80783772247093,20.020745902980202
1,-20.93518552375266,-17.74127570167194,-6.145869672967418,-8.017041422909335,9.454026858951247
6,-12.903754132985277,1.1160167680038349,-42.12842078848323,2.9625490272957844,22.17808529497796
9,16.76411718907729,15.625212385118111,21.477853915500773,6.470533189661413,62.46727436054361
4,6.854911824338038,-18.481000987717547,16.3516746187346,11.997790804497713,36.95266198575269
9,23.878694064352647,6.313979282052484,18.137213744739427,31.927382940006797,21.439882763618414
7,35.14243484494731,56.31640497634196,22.43851352183429,36.86291989221703,8.4139010672323
8,-17.39144810946744,25.931558893190772,22.598560309422943,44.0867661110136,28.421217824374377
9,21.234966054439454,-34.43503258569322,34.37591499256393,25.210810317241496,50.906935365834514
9,17.620097584918803,2.1423356683827564,16.149720325343843,20.2087117131086,42.17492631281375
9,38.34057931955319,-18.382339636288982,41.728162568877224,36.910003278803444,53.90653228581444
6,-7.606961727039618,13.239447046735002,-30.91313051587576,-17.36320639820915,27.35688524010889
5,-11.83852419862544,12.9130012430272,15.085464645551813,-30.24238173301338,24.99351075457299
6,-9.331066195289306,14.97824864451603,-21.64172940575516,8.422683437932562,39.257373910204656
7,39.55600223038191,53.574882341599675,33.09880831407691,36.21012524726568,7.9666894831060615
5,-1.524657612348646,2.6467356231718875,8.634830642845074,-10.22957584109831,33.81136468049625
3,-45.70533130655152,19.805351608234016,12.994034821848008,6.44709448187791,24.714506807867245
4,2.175247866756982,-9.350359931616214,-5.837495511055737,33.91282775027073,35.18702107862941
3,-25.527662666294994,18.376976902074542,26.113671140947478,10.280740375475192,7.690079285467148
3,-30.622117613220883,9.140155288259997,8.119060544813092,14.456365374258471,9.3334783791163
4,11.174699923653113,-28.602473045373223,0.11087262043680823,12.161658829389099,44.00099296220668
3,-41.635508314873334,17.915843607912983,8.433805570661578,-13.345441891195147,35.51608547183829
6,13.789632036557379,9.58844723334633,-50.737140832440794,-6.126607932402354,43.23934039408169
10,39.2378930301579,36.21394182662717,11.0527540560582,-0.62829674820183,35.265889587788685
1,-33.83072849464167,-11.87170641415218,-10.228945099682239,-9.120150248474669,4.5132300874526745
7,34.55688043700051,45.535997031320996,11.721405734784348,26.20104332592462,8.041921641755305
10,29.325350344398593,37.26222443959505,11.309280848109498,-26.6193573139423,22.32668045092487
1,-22.35388492543931,0.670036394027619,-3.857413274565947,-7.96599775391875,20.96055844533948
5,4.462525556631148,6.30072054174971,-3.039458966682794,-19.058933392710173,33.98685281630456
2,20.080836349449065,25.67491005785731,8.264651937705935,19.25863344264461,5.318465357262489
7,19.789573732150867,52.94517829230862,33.12780493233165,31.586655464224837,19.99995587113393
1,-18.617228903899992,-37.17059136346123,-16.37094325843057,-13.440357828078467,-31.432701907117732
8,-21.885963521395716,47.131790103504436,15.128860773579145,31.3530322636451,35.10885091339291
4,1.4323652443690595,-31.25497833891007,3.587998709614064,32.70612480695914,15.667352385901133
2,23.917020016888717,19.47947092085162,22.499681638600027,9.560017464602046,-1.428311766070526
10,18.315675585986842,35.127797439389994,12.383496514695683,-20.52547978180232,49.030244916411306
5,17.182895447504013,14.204231219040958,11.530455483762449,-38.70576772828471,40.19715259392073
8,4.14215044732155,50.579958884690924,19.392209862702693,39.84054290449677,20.52305843463816
2,11.358938350112641,-0.1201254427797025,1.409939801957214,25.691528128192328,-15.584243210711728
4,6.8895329689621665,-14.007617470422693,31.964178923628268,18.20105370434262,26.636367768954443
5,-4.469092420958031,1.803989284705966,17.727481933896122,-39.46232626577732,20.223456077453747
10,16.47331618931143,50.07624592975813,-4.022534016511308,-15.081239932716635,28.743243169983987
9,18.681449970012586,17.02121849324096,24.410931741443488,12.762099014662983,37.66337105665074
1,-18.66033916878723,-21.574088847365985,-8.253806377122121,-11.710343610844971,-3.86279465096884
9,35.64623862199717,16.615174095101494,18.78786573825132,15.78013509019617,31.53687349446285
4,-15.202995989089066,-19.244984403426695,9.482600536778559,-0.33645098570284304,33.484445044997585
6,-11.273611818664396,12.658227233029695,-55.19880927362879,20.35944089803924,35.150758706967984
9,17.816750596222676,-11.340389546645103,22.12514074923587,10.587396975007646,45.50097523773146
2,13.137178979065341,33.11264861889545,37.95363045253232,-22.614922703960875,24.660588109770785
4,-4.989337579529483,-33.36936288136823,16.302768059007327,14.874937813564145,53.43531660182818
7,40.841553609057854,30.476850338185393,32.95158248264043,15.172533355587813,16.936829258841126
1,-37.9037457789724,-30.78048614515932,-11.55389907877722,-15.149961420240285,-11.028409744162762
5,-14.135945470255855,12.725022976542556,-5.143058377801898,-25.007585168090294,34.73423888775092
3,-22.471116025024813,11.879998223373116,4.755577735610413,-13.818531130365528,8.683392383604561
1,-22.124089519752744,-35.97206260693861,-18.9688641832944,-13.273995870036867,-28.016626159377623
10,26.739272288368436,33.187923503559375,2.7259615459927744,-2.458556046681073,31.23101757772743
4,12.483305587267855,-37.70195976873889,26.165398234183442,3.873968230521104,47.05717729390209
10,20.820721803774383,51.14194211834378,27.19679632529898,-24.519507411392965,31.351510171197233
8,-16.006740284445854,36.51839105632732,-1.8154367141402474,21.64914334323895,19.720839623892843
7,46.44668198838738,81.21108510389473,34.23543641642641,44.56732691935999,7.266697264122957
4,-0.6007841776903615,-12.147740376286242,22.763236378638986,-0.062300449176325046,32.68584027876546
1,-17.831398563810424,-21.907822984450775,-10.899177363218806,-9.67024645211119,-14.088899608600288
4,-1.266218084389485,-32.84190931430703,20.430511007520906,30.7340535230645,22.456538368754835
10,35.484825405269405,33.18452649701365,28.69701527850612,-5.028514326120064,24.57685314315536
10,57.233408431096734,40.842284389437175,36.590426041115336,7.033909183280013,39.83854231443043
3,-32.848835781589734,12.545622575112214,11.191327826181528,14.042571247920485,21.94874665900967
5,-9.402386826074782,0.06351716267883845,-10.918622061859795,-30.922537819641136,25.87926988980833
7,23.388609658743775,33.43906484455296,23.71151656600666,39.07960645793006,28.212376792985673
3,-39.16805620996613,17.33414207986559,-0.40223054013822956,-13.098163549188474,22.265989405254597
4,7.663967940455109,-33.33175735257264,-20.432498410960093,15.689186553670668,11.500974229819242
9,41.081089715496034,31.02969062994505,21.663948038792114,-5.09185004679793,57.99361401960455
7,43.17201766118376,68.41456794352467,29.685177709828135,24.39022577065972,39.379853909477944
6,21.463606372705783,18.103453772958705,-44.44787465106047,7.878328920339979,30.434397871945016
4,-7.1484790028787994,-27.897057008344703,13.095482616059726,2.8632757540721414,28.84875537103251
2,8.472493896296971,17.725458940665327,2.5846044763654072,9.157531100463899,8.642197753494282
6,6.404724465293445,32.51237872289211,-33.020579145460005,-25.572162465115923,33.136124569695966
8,-25.849392976862173,61.28994905734207,17.125308924242105,35.20902992848747,25.665367813287205
7,26.376710208853304,35.1333814814177,21.575764364563597,29.04594706687394,5.9956952049241465
7,45.966522398704456,31.683467442840147,21.47281858844786,21.99522313321172,39.13751379953699
2,-11.234112865880062,13.452004769514115,15.783711683231473,4.105403549302799,8.079210749707912
10,24.582966911789853,41.61436283422654,16.66398008916385,-12.183363720188378,42.541375169821066
1,-15.619425749554267,-13.362820533104584,-7.94300732326951,-13.845538431585258,4.013624736043958
10,4.73770090318984,55.91565538015691,25.939438565031548,3.6607691213569495,57.8820375148156
6,-6.1327053406042005,4.0217426618319605,-31.997683580920032,7.038421261133317,14.345214317292665
7,43.39422333754459,50.750948039098745,30.648251968617142,34.96351033512122,8.879821400640338
4,19.17437003766174,-12.633654127653541,12.067970919563303,16.10692358502248,19.094714253028805
9,30.52340730838838,39.051328457597236,18.919291164574304,33.91313178331576,25.701761156752045
8,-30.364188420798,46.88383392117528,20.844464398313427,23.695541798248268,29.65651976884642
7,34.54086221104215,65.23768458962947,23.28905945863011,31.155315709388294,8.068535001576596
3,-40.18383766043482,4.028707240842614,15.987958098975081,-30.619570094489553,6.932175839389565
5,-7.407411203838733,5.41188802947376,9.664474941761142,-29.398529901624748,32.71510894697024
10,32.987880130663754,29.955292897646224,18.05250079070657,-7.623379851752405,39.72227438601624
9,14.751523673585126,9.954596553379766,38.92929416288892,40.316240231373705,39.90216654152265
10,7.8823891869558995,13.073568366038721,20.916866827706485,6.045294060336131,26.39977690295504
2,0.5828990163795229,24.08943962170788,15.451919642869406,-3.4781819284344344,22.200006401732153
6,-21.816295471305192,13.003115585902703,-18.176563081078967,-26.561987419615768,9.523088959593395
9,28.111329739390058,15.777724168148525,22.362731195532238,49.2709661662177,39.148035819884946
5,12.098735265237192,21.497030021527063,11.688123699200782,-39.50379344342543,36.45123382125126
5,-2.580769047085584,2.300513197442591,23.71369991598787,-36.18725527816815,15.030901175830138
6,5.822624229220273,-18.297355320462927,-29.159734435183964,3.990527816665076,31.139209638040217
9,26.806194838323552,12.526507990942372,7.767194737093682,40.9526638894889,32.66054107472367
1,8.474539001532827,-4.611386296287193,1.3261819106982724,-1.3639664703716932,-0.08094474828980847
7,41.08866057846256,45.48396021947684,19.05611704351204,22.994995010911303,11.954836764782778
1,15.698680365563904,-13.22327926293198,-4.768382118358664,-9.898322816056838,-1.7533473209972006
6,19.50496235175607,1.586788387601218,-32.73672552962829,-20.75963497988584,7.514249932414057
4,-7.619201705172282,-23.989532477171707,24.307811529119263,11.654593690738526,38.953708454521895
10,41.108553330303806,17.839829027139647,54.24103496272108,7.296704881191172,41.96722554983852
10,29.41856583534182,61.97176678663931,29.123902167151783,3.5243948261477254,21.968228380765762
3,-43.91752271273947,5.462416499730153,-7.849246923919952,27.135811909756217,30.431357992635192
7,34.77083738674213,52.206179407488364,-0.25328800437825194,41.729937964088855,18.296148755796157
4,-10.917061086313934,-23.46621141573927,23.849790065899704,-0.37476875216693806,24.59193386842403
3,-32.57210484760125,10.363157549291724,17.506914644303944,-33.658896939771374,6.073217097675773
2,1.622413474249612,13.807771568080074,0.503692321391279,10.680507872662542,5.525587783744739
4,-5.114325018421008,-32.356599117347834,11.466331376880902,-2.6499808018653184,46.99437752302666
6,-13.512849052704915,-12.570197918060323,-29.398856629261886,-7.301003690877211,42.54053415840729
7,40.44528054004735,17.17858570253659,30.72692914302062,20.483732232248393,11.94713870178205
3,-27.58047995643221,8.503764628411508,-10.121241860556985,14.640486631667311,41.071077377147944
4,-4.711131642048553,-49.14872659411189,-1.0916104640689248,24.003483211077747,28.528936475156804
8,28.116705199069262,30.570876656929094,2.6007400938570377,37.22416960466483,43.56285185472676
10,20.003453699410784,16.31239537299771,16.04366872170553,1.0744264086410311,46.17285185723553
7,37.70545094792091,71.22411171427655,16.83072100290027,18.139030680969306,11.603976415984501
5,7.607589257682121,14.502856005464913,-11.06769850385187,-39.629897439988184,27.871270708439813
4,10.694646263155787,-10.53611904231481,13.4106108782624,4.028170741665416,25.101636962946223
10,-5.708916140489293,37.90822600136987,35.69789445626817,-26.53134193001252,25.41444852905002
1,-9.05554019274178,-15.52758129652133,-7.53969503716546,-8.242494279062333,-6.784298932934828
7,31.98906829116368,45.92792011130466,46.82790447399182,31.107245099332037,31.740419498808876
3,-29.915200598936366,13.870770635102563,20.801267541345467,-9.34547458311452,-0.48341850141042997
2,6.2410978824134435,20.525872172390745,16.735882467958177,19.316581311837325,6.545762883281827
3,-41.241278716053046,11.845300778560826,23.43511841098232,29.554367421409875,-5.54422257573075
8,10.479575777756828,60.64709394563699,12.84642704927223,26.183639191371068,29.39614781961759
10,25.061564257230543,26.01844584563515,7.016218721686464,-1.6209507267424108,21.623843776790597
2,18.790284339883893,25.783968777477202,10.622360614343123,-2.784477002466197,13.674631035522726
6,-21.900443795962914,27.708272639730254,-26.524721762819816,-2.0014282369362513,32.205034137785766
7,43.07388306235878,35.287991985557994,19.358377922683353,30.176816944672,15.723174862737155
5,0.9040264063287067,-0.40660401993107786,15.405933457569386,-12.688903189670537,23.05103843910998
9,51.18664470359357,38.883009827030875,30.8926531095278,16.502285946836054,55.15151959297641
4,-1.312447648761768,-16.263916087626402,25.140864267900156,22.18867661778761,23.308815384710194
9,15.264004373234476,28.856263453318547,21.173306461070815,16.400836233043584,49.40779670756299
5,17.001490502250608,13.075708492088019,4.089728171777996,-14.083077632187019,28.671741947064024
7,37.74999272711927,49.168843725663784,5.848649343548772,16.88643562595506,2.579660034558687
7,35.51084074859263,61.54622799009039,-5.715392703547909,40.06780520096689,19.131230321687287
6,-8.932320559394691,-1.4720413490364876,-37.92864678606271,-12.348383029064317,34.231885691061954
10,10.666755290067394,48.30663060443172,15.72856170120858,-21.914219745571934,49.174590515344704
8,10.794362685475676,79.81571236999622,20.557126748782537,35.41297575649095,29.13554069663391
9,14.660411218301233,6.984302480463863,13.914770068881126,31.935317585372,35.17746050242967
1,-3.6076373413928398,-11.76996648484489,-6.262495242844444,-7.50145533222397,-0.28041867948425026
8,12.195824832038081,32.42279407849659,28.760850847294932,43.56202706879418,35.52655554532756
1,-23.787958635493858,-16.235195066580275,-10.243491791805015,-14.888065498019738,-3.5577767255668222
9,17.38563437556091,28.771003467888338,28.538785605170276,25.17813358387302,30.24615018518495
5,-19.11699639556529,10.213330441882059,22.789503675088632,-27.477132106734423,32.03446885743665
2,11.886689367728149,6.102575838130038,1.282214117219202,2.9484329943357572,-1.320374929375025
2,6.085560529847339,19.656527483107244,0.5260786235942394,25.605293058035613,10.580879427762461
6,9.988864362760296,-2.8838812909651743,-36.147721682499416,10.961034438173654,18.800129803162378
4,-4.862789570955711,-7.635829834127039,21.81366834595675,-5.2843517415908,44.01168408631465
7,32.38518609133783,53.29881247292421,12.004671574477106,28.17443350862921,18.168891227903366
10,46.46152717282404,55.11090096411314,41.9562733132794,6.265497168639804,50.925575381082595
4,-18.715381812359617,-30.98758659598083,11.854592798717826,2.7197981532191964,25.43196888873983
9,23.227625119558777,7.2858308371511304,33.35797981510177,15.32744921309394,48.796701750008154
3,-27.870931461481018,11.933574685314312,3.758505421934449,27.317627362514724,41.52616997627872
8,-2.72315384879414,56.47538404265008,31.112726397032162,17.612856619386648,35.938014638897556
6,2.5442659318533973,-0.9671836069626112,-31.22546962613488,-10.291121210434131,49.43628383774147
1,-4.164579733629848,-12.79732449163308,-10.941918526152229,-15.485725285474107,-11.86566871053817
9,30.005738263634278,16.237840369499,15.782077083440832,34.012274518745265,55.877024418464735
9,29.97922041985494,20.166751809556192,22.676140498600937,37.03274383387106,45.166906640671485
5,5.65490258785732,-2.9555722996720384,12.939871818710522,-20.984571447949683,8.087365538910156
4,6.206014195030147,-29.4056440943827,14.91991935875235,-2.046723472097465,12.23481731293344
4,-19.461523532871638,-16.976997802392773,15.056500222406886,5.588563330245832,36.08085953541468
5,-18.57375738819869,5.757588257966509,-4.85845818065097,-39.21309132096586,37.47155890118473
5,-8.776424676886618,2.7128236493448905,9.053635851115004,-22.68829533574859,17.17196136323018
10,17.91375663023459,21.073255509680603,23.190162298405067,-1.8977389027718088,54.30346410521888
9,24.46087834268794,13.250153078360164,26.101888808536174,21.66191892327383,44.073650252811824
4,3.476484263147476,-8.95605911980552,6.24972816051135,2.5216003916061194,31.992351386624158
2,10.780045924409617,20.177229901593527,6.884134262701249,16.866407129690614,6.59715154877664
2,15.12773475085162,0.15868758486118395,1.3094154329783096,17.362439326719866,-13.536428914918192
4,4.585463726110568,-6.096719144894415,2.950076668424435,23.687143910814648,48.32150225938112
1,5.51152578275366,-11.057024472926923,-10.339983354657907,-12.3169511895223,5.21146220024397
7,34.092005352817495,42.64914038789731,48.68856553779307,39.16657185473732,13.085806476098124
10,5.263397463738361,52.95008165422256,43.98092505114892,-5.007642648645034,58.069384168078834
8,3.5379487797561175,62.27737873029885,31.425627856175147,12.75732333732909,32.156685054020414
2,9.965722615590884,18.780764005199156,4.615471375709547,13.12279701151072,6.44722637814793
5,-1.73735389263185,-4.904142310705874,13.043667677105589,-27.167796054705484,34.18351751423696
3,-27.343288380477922,12.579888035288985,0.5853250985287906,19.904357199632674,17.078221986615986
3,-42.017564307689234,2.456564345584413,13.128254833399465,-35.01723639227088,32.769328974607745
8,-18.59108617726109,43.51416100118894,32.34180879940671,14.830260228812712,58.23777993800645
10,15.79695759471015,65.41495659749746,24.908551625249913,-10.377683480876996,28.30162039077315
9,41.26024575960299,16.619615261384148,24.61549637664656,33.754679308066635,41.104267407671216
1,-2.4039732246602767,-28.78016654639419,-9.072534212586636,-10.925226779157859,-13.485302095672864
1,-13.799519552562057,-5.066451513886664,-11.932397460167069,-10.282503416016342,2.3884781951456997
3,-27.16148960139644,9.934965630664264,-8.39560979632774,11.998458807547209,45.93704767279539
8,0.11447554655927217,47.26041691644144,32.987347117215165,14.615923598529124,32.0692582718786
10,5.677313590483841,24.239088984196083,21.806188381726823,-14.675617879349693,55.52398077265961
7,32.79243579841638,23.626230636658125,32.04384902271136,28.585761149222048,19.563563911724263
10,38.21405014502702,35.550350325717154,8.51242989764657,0.8051119470922021,31.860007586573303
1,-6.094148333778808,-13.17144145520715,-2.8938329538337157,-12.038419122350838,16.500451459829264
3,-44.046882802911796,8.048746618565684,19.412447479504625,23.623116703328446,52.25176557693605
1,-23.670097273038813,-17.46829754949385,-5.786473206223096,-11.973220071462363,0.8121775794384432
9,25.691571099768243,10.117198695797413,15.125577930037064,27.447648853973558,44.62234640356265
1,-16.234038746749434,-20.655024458480224,-10.645143253367348,-2.4884606663047633,-7.682079046968457
6,9.277785332569604,1.071777275991752,-43.19767932707369,-11.089133117069295,34.764527122955165
8,8.7911811040508,27.214739885293632,-2.0700335358204747,23.754929273479263,29.327560997001555
5,12.092816629187137,-6.126087957830851,18.775195326695375,-27.939366557371233,36.589474682719946
2,1.1073688746409491,17.24920918987828,22.173839355166578,4.063751165468219,3.822064563924528
8,-18.917889681690944,46.586626702909925,8.446036710865092,29.44831975191664,24.457840762108965
3,-47.66434245062287,19.3554681364135,18.54527433268465,27.60472874118356,8.892716904131502
9,11.313356068958479,27.8697941400962,14.185829195902292,33.109281454839035,53.41880074800217
1,-5.3823918771196215,-20.25267457949048,-12.681539927418916,-7.132059246377903,-12.3711784509461
3,-28.358684508112653,11.120775145251574,14.652547359914525,3.0505260959502882,30.094958949201747
10,19.779081381243913,42.39172987929723,27.13281308010745,-9.732587554632586,24.610255318952255
9,34.37417106163735,-11.861029800483358,13.06108769299513,29.019484138444263,49.6715248145492
4,0.9574137522446025,-29.116837664048415,-1.5969207120230156,15.961218614012235,30.405515250737768
5,-7.850655217564328,-3.6651904900303762,7.537986569947458,-27.415891396090142,21.73972896590054
2,0.9266112958375441,1.2388280130712594,18.37439748743153,1.7220883422506326,-4.2547959136532665
5,8.627409051452858,4.085511952886684,-0.41085683942892715,-39.77572143517464,28.705105413492383
4,-11.220521654025578,-4.985229821474515,12.501116135657211,10.598511459494176,33.066975804536035
6,5.307028625104633,9.344721523280025,-50.574808186821755,3.952576251866512,14.964195452210717
4,4.545739967882233,-0.5787084930578317,13.440065575555794,16.439876014897877,19.27881050222873
4,1.2836215054707818,-36.883292355809644,26.152994816699888,-9.75780657446471,25.175875972343782
9,18.86023270489349,-4.236981212968836,22.98059955618746,35.33146137256293,51.18100769131986
8,-9.484397937953533,45.009265554453336,16.73232616683332,11.579360157334524,30.996487919257206
8,-6.522685225868808,48.88230243296755,12.206124852435767,20.695699960842735,27.125026721048023
6,25.666111023340132,-3.669338286731813,-19.582844755764107,16.99827041713617,24.8454781934801
4,-14.518988301074328,-19.817072923142877,24.308859254321952,34.60249686045242,26.22540907376753
2,-7.583926579350026,14.988713556439476,17.177721802005138,10.458200631554938,6.19628406854882
1,-13.436294332503294,-24.291935523910283,-8.721502560336644,-13.984081545007378,-6.429914189326264
4,12.798063383730435,-25.580302862888658,7.949160737686191,15.434269338049052,42.68073657282097
10,21.183139638153378,51.8114209907346,21.02324468934781,-8.22121901677572,38.85273390513424
5,-13.347702810098806,9.637707319810355,13.601291616717614,-11.878546914147613,10.48399081679404
1,-13.022788907490435,-21.272417717613987,-9.716332824105525,-14.041679145582986,-11.039425786782887
7,39.90531892888282,59.68761822422615,24.946651873064905,32.025275832832264,30.300463042957958
6,-32.440222292588345,-9.144556199068656,-26.391493197463866,0.5237722368934807,46.43043231663622
2,4.997996214311661,31.255050306403067,20.28033263014695,11.636137064135537,18.651623167626006
7,45.30513280567424,49.96970500202916,27.36588517633034,34.97070202310782,12.181978394437257
6,-28.073829851427995,13.642087445981705,-27.046741067926206,14.873149559371905,33.83912123923132
10,29.696665416034655,66.54488768649006,43.320078760764815,-7.151458607978235,55.66761497952544
4,8.135415520745255,-29.43140561055744,3.1152591144193105,1.1905319567313075,22.269684221146832
10,-9.034512800583354,35.999103145461575,16.053113373600027,-16.147839523489555,49.49761807842683
1,-0.824148761284432,-15.88330821593989,-6.9911548343451155,-12.791058081741031,2.5645141244117813
6,26.948611294461323,8.7385247607941,-46.57770419971743,5.959485976023759,10.961214090177847
10,15.219134720545242,38.036677933878714,9.198243753652847,-3.8616248917162377,45.15964552758045
9,36.79253564333476,-7.313624556702713,27.700318041264715,14.412644719469832,32.535706034951396
7,45.90220896717951,50.96918977016605,41.226311335833714,17.62820435078833,12.516546861814252
9,15.795643052267172,37.76981605873775,29.65805610467875,34.581446192346284,39.16677653306997
4,-2.187004591598681,-12.222391927890456,4.241027146478432,-1.486839654883351,35.60619365312548
2,9.940549919963335,8.538638906260296,16.689197201979326,15.908796838649373,-5.144874952947957
4,3.644497012894227,-29.36358470378078,25.213950164854467,16.623111681483213,15.439537326977337
2,-8.615794880100845,8.023436270053882,4.982365377149717,-3.477849319230838,12.01818588262304
2,4.960397484827549,31.925884701893082,33.1503318061142,-4.858007772535435,25.659868775696566
4,28.50236790535852,-5.169816418902414,-4.91803301895275,-0.6705345235620932,40.10353338012892
5,21.2544378360738,-0.5688676089839708,8.709052311995006,-13.741659684117472,26.73852757873394
10,51.465276625818035,42.50795023531228,31.451194001134823,-11.388743213161284,33.861826474128584
10,22.418893336890072,22.60896669819175,20.634743833930532,-4.3445960409585975,51.978658877869066
4,-16.063850498350035,-6.431554715885159,3.0019056726220894,16.93564142247386,14.786165698892201
5,-3.790356798398475,7.747955334994252,10.105460520404385,-14.677350054734067,33.94264678940667
5,11.660114744275926,20.18704223858796,5.216708817795499,-21.457019132159356,27.735116221427667
2,15.657396242678116,8.299605501432783,2.1336937121810244,10.930274587181051,-2.1612475391966095
1,-26.678072897694747,4.762942565386247,-2.0589482502776395,-12.133883988056615,36.19457088183125
8,-1.4757548915908671,50.60636916728581,35.231773100980355,26.043254337574567,29.98918851218107
10,17.6105002524266,22.239938791303004,34.40708939899996,5.502336624454404,24.485588501064576
2,5.696299777403919,7.982055795827531,8.626982552730942,15.956157336947852,-3.5652878801849237
6,-6.819191350981695,10.040610154919847,-19.878705016581744,5.9099497713278435,7.807279646526805
7,45.32064056300294,58.61015129049761,38.63840103578144,26.891454043229665,3.4064948037742493
6,-7.379985401622318,-13.811779318620786,-22.386953524020477,-2.8914039656465933,23.088910580576574
5,-15.29519519894431,0.7756929988103263,-0.7228191629060792,-18.052975429403936,26.776108471999688
3,-25.76346989279404,7.957946796157081,14.017089027782596,-8.229193078416536,26.63871374340196
10,38.642258403864425,38.06394908080843,42.189267324756116,-6.7241163836131275,37.05886085594652
4,-0.0784888770477048,-19.576465192832842,9.417708476790523,15.352005873498685,21.89196653880138
8,-12.374068470791798,48.535891907683435,32.97121502249095,25.273723558017288,32.5658061023412
5,11.37446498691725,9.00539416187963,5.1466681317302765,-35.241367580622466,13.287358526419483
7,36.14998880658224,49.73854842866975,50.3933481939521,49.90430707545445,-2.5116082496970886
6,25.48623627756136,15.879199116549154,-24.03666308022597,-10.666974353155203,27.37473657708656
2,8.960149793699484,7.37487135373458,2.2315324689929623,-0.18353395315068077,0.1725216821889246
8,-21.48875112378657,26.04810455419608,15.728964737977034,34.29243178486448,26.89110344216964
8,-22.604343611369174,40.60855006673835,28.393584021923655,18.581471511998224,21.36254523865614
4,4.7394297742021365,-24.807276284355197,29.10833493810936,21.242674299835485,49.74196336452868
3,-41.453076650918916,5.883404887750341,-9.182080957876192,2.3329117356760536,18.643081924795872
3,-21.275448402012515,9.821080415244904,-3.858258856483478,14.399564795399508,28.34019433698139
3,-23.27305007663417,13.326702919954368,-9.108059291004608,65.0053144980257,19.402142195614385
8,-9.183430305767445,61.98218429192419,23.16671132890371,38.62770215813042,46.66549160590219
3,-17.23107207330525,13.595012872122481,25.1114446527731,-5.021520166645515,1.8076843435754064
9,22.315460750824112,26.877996492652514,13.235088204843674,36.243448237882006,40.06756018355499
8,-2.0052029561924023,26.00573836097318,25.396585725269205,44.56257190844039,28.76267800587494
5,5.357759323252258,17.18303176632744,7.924137412733446,-22.682952470126434,14.824034067358344
1,-16.325716908591033,-20.816182601934255,-10.731829032897215,-10.329174784047064,-1.108361049642213
7,37.9774137154827,53.378627360335294,32.92989599696858,38.87413488754377,14.23883758141715
4,1.825860622165663,-15.09586544261043,13.266918338329932,24.035931164606996,16.111224917362456
2,26.384439331644863,2.832123475400074,10.538181695077744,-7.780048470009575,-8.395276387176791
2,2.778910432723613,23.197150464314795,8.644832563129748,0.7931785190457568,16.972939778563244
6,-1.8117197547368615,-0.6006804085331865,-51.389514813931015,3.436380906894322,36.31823154369879
3,-41.823271104433815,9.98486583637871,2.2633328873528265,22.643064202189493,13.624090056972513
1,-33.12418457492215,-35.90238946116045,-14.739316699950935,-13.677979373025712,-14.668310793394054
9,27.17077847175922,11.36603245350771,11.842131293304366,42.66302051721492,42.96640217564569
2,9.352579406986973,-3.5764242432139888,3.043808654515704,-0.24055216331256624,-14.479495391871493
9,12.77126572056144,26.758407235056474,26.686122672457657,42.88500764899194,50.332145948935064
7,30.69065668280955,29.668794813168507,31.278812077449643,28.922118495602046,14.491110134086165
3,-34.958093543798185,20.251608359620718,14.441045875454169,13.48557527979921,16.78466658540919
6,-6.617192298200999,-5.067493650874585,-38.66768539055537,4.499402483157876,27.32616840343974
4,-0.9134102531725419,-17.951413227877303,13.165969629305778,20.761158964804785,18.65054395373338
10,62.455031795511445,34.93820471453371,17.976218038785944,-20.454540394465937,33.51284220065891
7,40.21905013014488,60.15300500431199,42.97910680610913,33.81305026557394,6.224086021924366
1,-18.022831508982264,-32.98537944495615,-13.081044878017462,-2.4871819677969187,-23.630026464115026
3,-26.49313112998066,15.888423965256814,10.42775381817561,0.7449033652373895,19.88727535562833
7,48.39447171829126,31.11431084972881,14.79068447409274,64.36369607047963,20.0043493866658
1,-9.459779803067972,-15.386181960347935,-5.287823201379242,-15.05869347180055,12.902293640949685
8,15.873291217030243,17.95885237518417,12.395121549670929,5.294671735742277,45.63869394832247
8,-19.738320947767555,39.990444866809554,18.18068597425877,34.29479087525941,30.63365208426853
7,40.40448162331233,52.43037126236507,21.977325224188476,40.284977348670765,19.715329766076373
6,5.960257008445634,-5.7958728390793794,-36.30678322122796,-5.076838561118605,39.282346403986665
3,-29.6144693886425,6.205754419163024,3.758772921232259,-15.104443485404111,43.665200317730466
7,16.377161234153377,42.519908890316366,12.673008367073756,14.300598486399531,21.373981513066035
5,6.242621941381826,9.293462035400152,4.620152152345353,-39.410790418863876,28.337640654936656
8,-6.7018297555354955,59.9833228516195,34.77680110688111,33.764384913418404,29.23894317927929
8,-8.676819326398595,36.67591082629111,13.130149716010292,19.928385094134423,19.28301919587696
3,-30.235417301527676,19.33910863060707,13.230068762358904,-1.400035674429268,16.741500641442663
3,-52.93080369710454,17.2644759534177,16.425157697654033,-12.550039846818969,22.368554441115837
3,-32.0492803390286,15.762456112544806,6.160777871465396,3.1400294383965557,26.543678271495207
3,-38.65409188637515,13.117585065660952,9.886664624611473,-3.4562269308767783,17.333179293702436
4,11.101940081486546,-26.516995851565632,31.41555886350414,5.549496608363501,33.491486725331924
2,-4.516083103689583,10.936640497208334,1.5911770127016993,8.78152376178013,7.139797972994144
7,45.92509117732395,44.019431195407755,16.266185859172534,22.31600475336211,4.4387602865365405
3,-37.74488740672073,12.190512036342492,7.443292834105009,7.656485347427182,8.93506667141765
2,3.9674216553098987,1.188634718425842,9.31300544970723,17.158731766269472,-14.889329555822131
5,6.989988182367202,8.575031847659103,5.858942004172388,-30.15648226827779,28.491833196004
8,-10.406356839709169,44.096533127279024,36.04153939624221,39.490253578828884,31.599536107145514
6,-1.4881964008582056,13.800600301982787,-28.957689621563393,6.939859657646514,18.564475410242505
6,-4.1697336233520526,-11.424094989754785,-30.13264603922418,-16.46362428639462,43.69374813367111
8,-3.70779529781106,54.26170914226306,28.53001286527476,19.869091431410034,31.549743337064708
5,-8.307794622770693,9.567222593883702,-5.944386952991637,-36.26407252971932,13.801041634513473
9,31.232966649477213,32.01601993945579,31.368276185291727,24.594218100103532,34.49544559676918
6,-15.029369960409216,13.701849108403962,-36.49097968764765,-23.910759394346066,54.94160425486852
9,16.13482009319332,34.776641401134896,22.885386232447736,12.59880310541515,48.32294458344565
5,-0.35735351534533755,2.947127705290565,-2.9433205976500076,-4.412840881339886,15.05900139958194
5,13.695551543205276,1.6889509102249747,-5.702315669829289,-31.283769786093178,26.726787728067148
6,-30.78663170820687,8.35042868376708,-22.87914409649486,4.5213338640488345,22.416653689796853
10,14.910740575611538,23.138421660738913,25.206394725584865,-10.448875669358403,30.590539125607897
2,9.854447944947701,9.769850988166558,8.225312199648817,9.414772704390934,1.9959717074792298
2,31.258724933127887,22.398910611912648,22.340578957610525,-2.526342447825897,1.1650425957816317
7,50.331803486051555,48.802225296831296,8.982611791765283,31.01591603443268,24.38252328831819
1,-19.45571880322105,-31.412181454377013,-10.984124207936022,-13.127768463522871,-20.801273414116544
5,-4.893131246450114,10.281732444543586,-1.9722530813283878,-16.699681965786315,46.05323808257556
4,13.402232381940946,-29.05500510803135,10.413634780359727,11.193237415204328,31.718037587966485
7,38.20882137991096,35.90682208771913,34.226808541878114,37.99800683925481,15.649126203551658
4,-17.317345996816485,-27.146108841884562,13.09518408915769,-10.27503020902267,9.67419444659296
2,-3.9310945305286342,12.997496943662632,20.79466586476828,-2.2836886223294144,6.8720288440397095
6,-21.766496910337498,27.384680771262257,-41.53138312884649,-9.045677808268566,36.4811437165463
8,-1.7209212182738067,56.958240565331366,18.228605063032955,7.795659179910704,19.70222311551753
10,42.65671079639241,38.90829677946887,8.848729536147728,-1.1595502973669287,46.012265733723936
9,19.665623056282236,7.5743242758447735,34.302623555675495,32.99677858791071,39.76888089805816
3,-50.71147632333415,14.014204816156454,7.222829542933379,1.9089587425359813,11.648465409559238
10,15.427029552996242,48.68314820920875,26.071948477840262,-5.099062745060671,30.392318132912685
2,12.262329333136096,14.146652807083205,13.476997058882123,0.08860586823197458,4.21665931809931
9,36.908882861580295,11.444835744762717,22.973326945366576,33.548094607202195,55.66317050937025
7,26.919686605568018,53.19722069234998,17.039592347875022,15.85081872906609,-0.030030324982247336
2,10.132505863366251,30.47255081136867,-3.163159842659697,28.01222018774569,18.241631621687127
9,33.465950845998755,10.214193915753771,28.083870168780752,32.64916284025763,38.79293236870539
4,10.737361261560618,-26.09725280180633,16.41213160352124,-5.101052387593857,47.27316459451872
10,20.388899391643008,32.56140887072639,1.8249527868083746,-2.2362197672459194,24.628207964146
8,-18.91791292987792,45.28646153210668,54.37666585529573,22.79711552772032,27.550330440579415
9,13.810881890964213,0.4768711441523674,36.96653000520048,17.066682000379704,38.36140913380863
8,1.5980403843740714,-1.3907448232703814,27.998180746148805,7.334194170677023,30.713170736752318
10,28.113823168351118,36.92501331578515,24.05058011335762,3.370887343644764,45.55486653400201
3,-36.31376414190655,13.90576485604899,-0.21785108786844454,4.5689693902688,32.95688786702887
5,-1.9584466597980983,9.045281010357943,12.75634161817944,-50.723834739798384,30.823281115920885
6,5.3792143470916995,-24.72540692789321,-30.308021129037353,20.24083313333125,13.079203760239153
1,-4.358048824542536,-5.762378872075745,-11.748063708400624,-14.676619468861894,2.5364862774297388
7,53.58024968275657,60.190748575931025,11.791111300595116,25.018191925394376,9.876138592240435
8,-26.04070295597503,1.8926896983495496,22.300834772412752,31.017169990254736,39.54425493458193
10,42.14924580392467,76.17716376484472,30.302841952900522,-16.706285928342425,37.20306930289535
9,19.77670257171876,33.92946731174521,18.29544298761645,28.09249392512797,20.59772524609665
3,-35.0185685213467,12.15665485386889,4.071750004832683,5.949839958383256,35.10519706968692
5,-0.5523765402042761,11.201301144443418,14.257896366642349,-68.39610733278482,38.75983036808542
2,30.06056775314528,23.226427787391444,-1.2633912638073213,26.5456357071851,2.5930922094101234
8,-15.668092196687045,41.423113659615865,32.39425354463016,26.01782005862771,20.741900227483725
8,0.7943945894472773,26.035804440406487,27.6662403159731,21.25365671280416,29.844676503816757
2,14.567123918027956,32.34599686570241,22.224969294357685,2.095916231392522,23.999836790804068
5,-4.764376438583067,5.994101185366915,-2.6999319452578554,-22.056839657389567,7.634617999035019
1,-26.406153822743335,-30.324750117598263,-13.097207593620041,-5.201030601222557,-34.01655153723301
9,31.420977856318416,20.036974350754697,20.370811322123156,24.981706262835687,48.225270447979796
2,0.9872330221663539,-1.9637560664171616,14.321980164794024,0.9134562673915436,-3.837531408562569
1,-18.391121552608695,-28.489701693862628,-14.85679458710285,-14.084958719044257,-19.518569403009234
9,29.77982880375258,13.589427521549268,14.730187083075966,34.77894465807469,40.08097688627845
2,33.553728496880844,14.184552596376449,4.881484223921492,-3.872695861006994,-0.8321588435316896
2,20.128393781192916,5.495188380910735,-2.694550347908022,17.178844179368305,-9.027939738299906
1,-17.790588750355525,-23.7114329581375,-6.551599971619473,-10.888323400945588,-19.071801549930345
9,31.274527912201478,45.35052083729849,21.079669864470883,28.382672409588814,34.155673100655314
3,-30.51794123992523,8.976425591220044,16.811385415713392,37.25478854104542,29.930783650420096
10,34.414233355788014,46.80620760950127,18.709476274645006,-24.543082725492035,33.712686522330614
3,-31.233113501775865,19.435949505420794,31.32922621951698,7.076270535670511,32.33866828921387
5,-14.609074242290731,11.931334904621792,5.360933732170742,-20.238945999973282,26.415670542629865
9,28.051688340261858,-3.3498597310023808,29.57856472407634,29.682333875700426,51.280318580924664
9,16.169977054784916,19.93558485064691,36.0290302698249,21.231051399192026,51.32880966296
7,43.94194999332894,20.715384149124098,6.203737236522347,12.69460637206782,-4.511078969385315
3,-36.24635090381888,1.0566323415085108,8.48698648304227,-13.852776030497665,13.73202900075563
4,6.6762938287226845,-23.009405730999674,10.621468062069498,18.408150591144476,23.067160534992134
6,-0.5973057662551478,26.541298073401535,-36.78318082734158,23.830439185276752,38.90262688630384
2,36.02279699689123,8.297417358281567,2.907041450226224,18.170195788975576,-15.88169911439361
2,4.652333286401514,25.28019881902072,0.24232305501569673,6.881101309612944,24.660882870049768
6,-10.41060835715766,12.836511138693886,-23.905530003686863,-7.877393965264741,7.507445805653774
6,-6.186251676684945,22.664158310740003,-45.145566280202836,-10.00740066049504,32.20365107147598
8,-15.119064430650035,46.14059855352408,20.083930054267025,46.25910177753455,25.03212089672718
1,-15.782440671069253,-25.699828558101615,-18.163184598091142,-7.574933779962925,-24.3641843696494
6,-15.109078225189574,20.63517772928143,-37.127055311749295,-1.1351461622163832,18.493312494686865
4,20.96223908332837,-27.951852769549443,8.086281702691096,22.40376911279995,23.022083942861045
7,38.57362795592748,65.51536346679703,18.28693382266782,17.66980830962826,24.61729482181951
5,-12.543225243440798,13.669759799648805,6.098688906093162,-26.137946453839824,38.25871148832549
8,23.310302235697403,45.46593558256402,20.544295582959922,31.919726799952883,28.85121419428619
10,2.1400596369888127,45.36504565996006,18.115180395805577,-3.756485008244889,47.77429753920525
1,-30.15321277263982,-21.580484655547593,-8.559130801341972,-8.956604186818584,-2.346401712195117
4,-8.479530856085848,-19.956012752054953,16.584421683798574,-11.304321056524522,33.34188471741591
9,19.506331122608476,-15.972691136131054,27.34727811889322,24.06719536322432,47.52803337529197
2,7.590777074951368,30.252809270405287,19.922224329130298,31.630282214627954,8.858667263454688
4,-13.793349258063953,-33.10454385893641,9.1913526055102,-18.05039344428483,54.61904060173711
6,0.6817467115139371,-18.011706773359876,-19.361508792490962,-2.132164878234949,41.18948404871392
3,-33.0477193800331,6.87562332953456,-0.3915322859053427,4.701530850801524,29.824040474934733
5,-4.33210534240632,-0.04923935489449782,13.957782824958315,-1.9336642017309131,25.12139061748203
3,-17.158326847569278,20.163475359122895,3.525599513262502,0.4661857365298827,27.217560967055682
3,-33.1724441305717,11.41612743982528,-11.680106928601457,13.522852074714386,12.76654293940462
10,20.58584103386685,6.64241341958693,17.406559567090852,-22.055469994541333,39.62011148445166
4,-11.679810936013384,-15.50411143264974,-4.119077394174809,16.696843438606166,36.33652322396441
1,-10.345919465132196,-15.280916386110356,-7.857023115142262,-12.141233379053592,-7.48223094393898
5,-19.585674912206226,12.83651019569084,1.1687074505332298,-36.312188455594104,47.84060600875358
5,10.517807799230301,-3.0855607295876872,-3.2150039022597436,-41.2245135957502,27.94129130593577
1,-21.26589436129293,-7.903334212547319,-8.34454421124971,-11.54013998550745,16.861936870784213
9,12.438986957641477,16.377227230769726,8.198199366907197,29.928023232323095,33.926901386214666
6,-20.481881330723215,23.647495823623206,-64.56662030243545,-3.059531757487771,14.533728438288076
6,-22.850145594094425,9.074488103918632,-28.220833897066413,2.707849496525794,24.251233636406596
10,38.264160425272806,38.475792715134794,25.07242937449101,-16.693964395551653,34.058797835519805
2,2.401229819176123,24.353263064498215,2.845878195284717,12.14675607173723,17.11211298961463
9,22.850904557888903,-2.522705041436927,22.301717482122065,28.59791350756431,34.606474006479594
3,-17.896194886575294,16.79853260681381,29.723981405498566,-6.656642591433198,4.844643428602243
8,-15.939183525942262,53.522131923704364,33.512874132911634,22.827587908068654,29.50285330354697
2,4.883411122098577,32.60333453460755,9.323875324554308,14.452493937848473,22.40328897940084
9,29.83220013895427,22.06660886217483,14.512365208052648,20.74623851060015,41.908978303759596
7,44.77069346191456,30.606187836694755,30.074222650358585,38.66669526325364,22.362353107454698
10,28.412019675584045,43.75345898621664,14.351465608610589,-7.386058297544289,40.11407825296061
3,-23.21744629453575,3.555129595859322,18.95055938401513,-0.6409225662829305,12.135693058051293
8,-15.997641178863168,45.68378884462281,8.207411724140432,31.807604232730473,32.62910070073272
9,26.407724282305225,1.9775033746945319,7.286900846468416,51.187519147720685,44.68217972276696
9,35.298628585322454,14.631312930853307,15.940246931084623,33.86098147491989,46.55602129525494
7,42.12434648509104,73.83983153657591,22.776884970704593,19.66104668487864,-2.2427903431865435
8,-17.65188442997641,35.46764001444161,19.06620405794012,32.92899290389643,24.044920291486584
5,-4.883235691359039,2.9788663883803967,15.768542748088759,-21.581924341410716,19.4069318338626
4,-29.89917565782566,-34.440883742466895,-8.170627675857455,17.42495548610144,17.631533085956093
9,21.122560305755833,5.670609330798004,21.148762528868684,40.65019165868663,35.850268922735424
3,-28.89830048671805,14.241438443693418,2.360110705479488,19.19742446924965,32.53791092662826
9,23.842920336048877,1.3817737313687175,28.442701965816802,52.54343074844584,53.76174676521925
10,24.200846274318025,50.05105964963003,35.83412593235996,-10.684192855287577,42.365316851443325
8,-13.279236876142175,29.83785355366856,31.442919538187837,9.93675662557962,36.97860388690056
8,-9.435073670294893,25.1476759841779,20.83882713187023,53.417355736210375,35.29519441073126
8,11.460450003807413,45.79862691794764,4.2754338197434265,10.346396729705777,30.095480652141667
5,-3.7921996556972175,10.404019846841587,27.13881441208361,-26.194502116687914,22.096481846880344
9,13.63644836701227,15.586901721153929,22.3203465932526,28.82978832100058,35.30970051637363
8,-5.879447217692668,17.653002127119695,-2.44159516402161,49.611623626807344,30.692741641269837
10,9.874149915321878,47.70663199419592,38.13580713653824,-0.3336086460317862,54.313849965965304
1,-7.873046364518848,-0.7579578535329716,-5.555058039951753,-18.00007886793817,16.732592221606133
8,-22.734580175675383,37.872848971162774,29.282137726881423,33.111841604972355,30.298746466441795
3,-25.522568586236073,5.384634321718062,-9.217113547497451,25.431879812747834,12.249912744191716
3,-28.067470619397078,14.089022840600187,6.784143461231145,-8.66983820437138,9.868107242455237
5,10.152989613926376,9.12567620084285,5.436436065519446,-27.662152969527977,51.186920460683154
8,2.5149250375349936,21.155079775547403,26.179500556399763,25.594663761521236,33.51664780898714
10,21.020056674932118,47.067943212148094,16.756067201207355,10.769651407798492,39.805556883632335
9,16.815437860466385,31.310613519844715,24.578471446011843,40.40993015795355,44.85835948833979
2,29.9527073154851,15.904560179794967,-1.1843442519131155,-2.80486206638715,8.686647755257969
6,1.9237493302231483,-18.54542281031314,-22.233696608540065,6.7394703485056295,24.59600956172048
1,-1.710848802524806,-19.198213724936203,-3.923829170339136,-13.896657365561026,-3.066354712675657
7,26.0073875664746,41.2135759792411,11.253186495366224,25.427032776332325,37.29113613706203
8,1.0139494543718737,37.70787754330713,20.575987212745353,28.41809495475024,37.35690248614953
1,-3.903436854717313,-6.639931128048968,-2.6856991083880475,-12.563944361415974,-5.038836337844742
10,21.472986041160045,44.270086945489,29.2195631170286,-4.449539500611399,64.39534493507455
3,-17.468333499495312,22.43137705564867,11.530681922988864,31.624983603810787,29.783371156814795
3,-23.313437308100575,16.89144907779965,17.251890524190514,35.76532908225868,10.919628225546804
8,-16.91776549624192,23.796461575456284,13.593776309295908,33.50175742810379,21.48320217688513
5,1.9811815630482563,1.3622047185810793,14.156233476704049,-49.222418219598076,55.235135890163626
7,39.78167067247392,43.83577729151517,14.989644455844886,17.26757623253259,16.660482573419035
9,34.882755351194504,7.730306479148426,16.066961110017285,27.51273694272455,36.46288867429995
2,21.139295525965082,12.533561350732885,14.189553369115117,-6.502693343795713,-1.003332174326478
4,3.8553747776789296,12.436922588946135,3.0875302948232877,35.65343959873505,31.280129141031157
2,19.709585541579685,28.812060995492033,1.559080326473019,9.402985821341165,16.759456861713858
9,39.73076128295031,-7.308156324149419,20.056256705733603,27.99167087340415,43.67649939390293
10,-0.17239415990990992,31.86251115181674,38.84131436690684,-9.592571837335171,20.966488332341324
9,28.829123976782675,34.25021620717595,23.97927395228219,51.598817215583054,37.13868679797244
9,45.38053769277852,3.5639200889351166,34.83523648909507,8.635503017308114,35.34838165975094
10,-6.1827528553482125,32.84819619799295,17.03829650088396,-2.646914194163487,23.75154311862243
7,32.059044828608805,24.17509928531673,14.457450223303224,19.564494909841887,12.841190414080888
2,13.98034916695331,33.08511504551142,5.394411759328217,-9.880272955250646,27.56669666737639
9,26.302071076330787,7.145577269594992,19.52704809906492,38.46014394652067,39.579281425399124
1,-28.09675413527502,-29.37946283069764,-12.975002023161629,-9.88236351758665,-23.33049802395393
9,26.438916516251844,18.9978284888346,16.129077561177006,44.30611809012996,32.77321928757957
7,29.196420955846254,51.34091866283838,8.503541268508176,34.869667529801006,-8.09722228865519
8,-28.19323079952563,45.94655360821025,21.85904353807137,19.051614384562516,34.181907956760625
6,4.867070137595657,-3.9947503486208973,-20.680225625989188,-3.4398621774425004,43.24413060966509
1,-21.03233563035785,-10.00976203577734,-10.323061246816671,-6.838216235340542,8.351022933425744
3,-29.04076074349383,13.18640968167696,0.4574063393365071,13.730712762220557,31.45289860488724
10,26.881390907814595,27.40594583327947,32.496539835088385,-10.973595871388238,13.161195092551846
2,32.16058824378219,4.288822915255743,0.30203444620935027,-2.513954856268688,-7.918314232935536
7,34.40743234206105,40.29491650879688,20.411290189042873,40.09383421969223,14.346282468992145
3,-34.18470272576144,14.153401340979908,19.330367426699954,2.216331243664712,-35.09013662086036
1,-19.812940995190388,-22.15395554496548,-9.819415716932431,-13.391348058147326,-23.43433757616134
7,27.140304836824278,47.68364428602778,24.9682162721889,18.733831783833335,38.74576784092779
6,11.735609228813619,13.084939204220293,-34.59142770921441,4.390796874281891,0.9074060787206086
8,-10.238792001219192,30.692179703891256,38.551687543802274,22.086682719124475,33.467093948051165
9,29.780270642547173,-1.3128255058095952,32.81247041195402,21.40712365137061,36.23150217120533
1,4.440815449784738,-11.762700499751094,-4.488051131736867,-10.16982994500609,-5.5975917331815515
4,-5.045931514279824,-1.7893393760135403,17.245223432039698,10.314840825140834,38.52194193394288
10,37.875790086748815,25.619065776433906,13.65447545658574,-5.061957591272867,53.00740897875719
8,-27.95044456464532,45.98070924285357,5.625005380289544,25.7652981586696,35.97886581771995
6,0.20531499028411293,2.2285001256942762,-22.579758557371377,9.395985690021774,26.20755853138513
8,26.34419952912428,56.47343078098369,13.820539732746823,29.454966523219113,32.973627831537996
5,3.510928964064627,5.254929384992866,-20.153095814567244,-29.67813997074602,30.02563906080432
8,2.4632783608858517,31.7403424870921,23.36335160753879,35.6541819297595,32.538783887514334
1,-12.060387819539393,-10.83189403968963,-2.8014968059953986,-2.299347328679037,0.10595669640984973
4,5.878472421990551,-33.095111308838426,-21.548688703105817,-4.73273004136021,17.03504931700693
9,28.702861830739636,28.98372841704546,30.308814847003397,38.60073488353697,46.87360720691934
1,-13.671587625471247,-18.990082553969224,-8.662906466011854,-7.8189522154966165,-1.2195221676781922
4,-10.942278081790239,-22.614317596869025,27.686436865886506,3.279116629284762,33.49722250212328
2,3.3344538782273325,16.404857717161015,5.1677334278963984,8.529290440661082,13.25818839448641
6,6.646600122146304,34.82927232789633,-38.490384535218816,-14.4113219957632,0.7821789167102686
1,-17.69208795172037,-11.982184436253082,-3.3285375830817365,-2.3002500917507254,-11.974251058975042
6,2.2543764059305973,10.549075216573383,-4.873445368766006,-6.217988637006352,14.563334556049023
4,-2.3401913367476546,-30.99770514169459,-0.6734386514357507,5.996224945889724,43.787336458898764
6,5.3290032802943506,-8.276822400086576,-13.758972632489407,22.90079585144948,30.815089285019805
7,45.88198387869927,44.35871159083964,27.32819594013873,39.48740073432785,26.215212853936087
7,39.05262464665692,57.213772030051175,18.322120939004,29.828997181501773,13.148696672785794
8,-6.4329259195968,46.38788190000919,17.134489579268937,23.75615726140721,24.84114175171505
4,-13.447647793829887,-32.47070495227777,27.292765527085173,5.958685081281059,42.82867397772146
10,0.41469145708058974,20.724529947957777,14.402981829120424,-14.493488199687775,61.272024444419806
9,38.22066527742394,7.559519960415461,29.724461338634555,11.609736932501363,55.02765203823685
1,-15.607740653789216,-25.244462708453362,-8.005559336936063,-9.816713737796851,-21.84196040500747
9,35.82961067718842,42.668462124693804,49.66443250666458,20.726871650536992,30.01487087066775
7,29.379784651818653,36.997628722193724,8.706908728169166,28.72392644768625,7.176102421424072
7,56.522585328962236,47.46439180863333,16.120709920109114,22.272152458353396,-4.343194633036367
5,-16.886534272273217,0.37102900969212005,18.672178163017808,-41.21887250235919,26.92995802709514
4,2.4094611190289896,-31.889529720914894,12.488083234664341,25.284880902941033,27.65775986346054
5,-3.9224936604437914,-1.1108326026688022,8.639486317552851,-22.000811091322316,31.00795786678437
5,-9.343846735221957,8.915018401490853,-0.6640884386785686,-14.147861791866154,21.914838117240798
6,32.85343090378422,0.7830366787118059,-47.52560869548243,32.808185810854006,7.359064325769577
5,-9.701966695912525,6.54101210846728,13.141993446336015,-11.683598125330498,23.98888555071498
1,-21.34791674180661,-33.86647105769369,-12.123126680846497,-2.5763951501119946,-24.073274239227196
2,19.381005426459886,8.99310797332844,3.5654540153694967,-12.159706685369212,4.349950636791486
5,13.723736274007077,5.93979047394479,4.9151535553517425,-45.977803331033414,42.454731491848754
9,13.248144243804365,0.7856061965955838,27.46003290298019,7.484314004509773,41.24780616423752
2,19.501148005282687,22.990167147730233,10.315490641633625,9.390292484660065,5.464761934217464
4,-2.9010857283476166,-17.45487229625136,4.006422211079604,34.683593482807794,9.961817040958884
2,12.725721897356937,6.262234382723086,2.2161242513345334,4.732481240534439,-1.549844659622753
8,-19.70378859847697,69.36009768277948,24.696489524452875,10.727680081714752,33.14166031543906
3,-47.93673429837384,10.359409180732598,1.1266598844953952,32.63334186681609,35.80744533512073
10,23.164228210874324,34.8172362341127,39.6801465620697,-8.678863196529681,61.60648947757845
9,29.316369902012237,12.200223952947846,16.15000505644845,36.30855044272462,43.219270243157844
8,-27.74471572456961,49.799087437296706,8.903820585676124,38.78807205254273,32.19061064557995
7,38.88995485283096,39.77816150888336,3.811524729750552,21.368936509783868,-4.685662264260154
10,8.946697449193321,30.455549096769058,23.45808609814834,-25.576210964787737,34.00432336647391
1,-6.355905816647933,-10.336169897148563,-4.372420007681691,-11.683828111939619,3.389404686675043
3,-31.914011932177,21.25306180567744,12.204467640400333,14.095978601819823,8.123902695218506
4,-10.879206694970602,-39.68311670452499,19.461162158507676,-13.349253773163944,52.48923229178786
10,46.14011233750793,46.49807761634045,42.562619180655275,1.83668624254312,48.306076129260326
3,-37.64741993395455,12.798196571277769,-9.677749278595282,13.533355203219438,29.27711260311561
10,-15.304558810858499,28.837719529408037,10.085472910845683,2.9352208474997354,56.29408067489773
7,24.11911228966642,29.850060779560813,18.153411032622575,27.78915844972965,14.392572054070689
3,-56.16659607480575,7.799708164055522,-3.438148191777965,-8.109312799389937,30.00401165282306
2,3.347044551192127,13.229806610807898,9.817671229953714,35.033870991728776,0.5025644731187686
1,-22.4684639776066,-17.39069296140586,-3.887317726328938,-2.8260676575047743,2.3696291516626085
7,42.640054157860504,50.06718659460674,20.995966762724358,15.957330473039224,20.108147717163476
7,40.69198999564795,40.78808200787039,31.289983305639744,33.11831825233777,8.143588657942683
5,3.520616595556749,12.141694712700865,-2.0164490635212893,-40.876101458805216,27.587562306263433
4,-14.684687243482035,-2.058035367194808,-1.0239452928015975,12.34170444949962,38.05548376028961
8,-13.003979088877944,6.653023890084498,7.664360159261104,36.47270231240422,39.396797574231854
8,-9.955859241744012,30.4012501263609,25.466064943811784,31.741362171150488,37.78249279809259
5,-7.1536919118253035,6.156416745198662,10.146319919824585,-37.80921600153982,30.119393148383377
2,26.6324588266666,21.558944525843778,14.515752648688629,34.053842064296774,-6.878511553244932
10,29.475142483931428,11.96864965148949,19.752757360757247,-4.876003336135069,22.90117352157897
6,-17.451333182739226,28.891049264945387,-34.37578966031672,-2.7593951633623135,25.519524330778992
6,8.904821788007492,19.985337461990063,-28.36081029012697,-14.381922547200384,38.88903335568737
3,-25.08190493021958,13.925296266481,12.87267919310602,9.352610488428144,22.681040390842384
8,-6.627580964461854,46.066669096255055,17.762493818090533,46.827404336334254,28.47116343547489
4,28.57661729529007,-9.391702151312817,28.05339375109739,7.018919251762208,26.562424890744996
1,-9.53866521514133,-4.5120866952086125,-3.35570073277752,-2.5067766790142514,1.2173424974505807
4,3.111805039197203,-13.840422584236896,14.53509971537768,8.921888792068128,46.881021955611715
5,-5.249600714099397,6.246608066491259,-13.670124677507525,-26.37545291469359,27.319264761394503
1,4.011787946843169,-19.88714132240689,-12.983765863265443,-13.46756235938679,-13.693522788421514
1,-6.259299373933677,-20.00670645152532,-9.586176982909727,-7.492231052809111,-8.390756426624083
3,-28.036887258019142,8.465457629560026,24.66835725463869,11.706348232487482,26.238956964907402
10,24.13323770485238,62.0261705644783,30.224413456182155,-14.12617039823137,53.688626416258266
6,3.237571036761664,15.05844883367924,-18.002250367067354,10.540635008021093,31.929313054716296
10,38.73435654747234,24.763903491692936,23.842394807448617,-1.1789712446854388,32.71946405228408
2,16.070217830578414,26.52356477806469,37.85035556757001,26.370440727068935,2.306091392506977
6,-2.4825962840068545,4.155541869924464,-30.78887830182898,-6.63075346428759,21.084127504644087
6,5.553290323607651,12.658603094090541,-50.2407946554804,3.2579539969669504,43.21731519741547
2,24.67022313856979,11.544824489462101,-5.419593819289897,15.78994981095707,-1.5574176458785916
1,-19.104063639211766,-6.410519760541099,-1.4285415604591183,-8.936695232901394,15.564539550636779
1,-4.214199768888864,-6.86610154208755,-5.105269130380972,-6.943694587902282,7.859280172268491
4,-8.215911655424092,-23.152075850505362,-11.655373268788592,20.3381078324713,41.87021567477151
5,-13.631609795164998,5.916847270810673,2.2129302835031277,-26.577562234023333,46.111361694739415
8,-22.316923967692716,61.058308241300956,11.67531170888101,31.615108276152846,21.300881651272732
2,14.205108382484282,16.537644723099167,-8.767223336788026,-5.5472983068430555,13.10734792228615
5,-4.6734004726451746,4.198482142903616,16.265979011977187,-34.703333603379136,43.29083492063293
4,-1.6215898666395994,-36.34630634700865,8.827977009023066,2.78024838415792,20.90560666038649
9,23.91724667254855,34.85871564572544,20.34039653399975,17.280755856747078,43.41483956222916
1,-20.216265171649205,-14.136311484925058,-8.319515456072828,-16.670531939155598,-2.40646407572532
1,-21.873403818096847,-21.931137560212154,-12.663698286616617,-11.68173711511088,-20.22223182496212
9,39.359125528263036,2.9488145774722376,32.142729257432585,26.411764973181086,52.57809132326925
2,30.965919968560087,0.6974379330030196,-3.123160845102303,0.01625108451278834,-12.438977660268604
8,-6.029246706399428,47.22718364850314,27.428453503177032,20.53373400175864,22.780828666695193
6,-20.880544276234133,24.38188943356797,-15.963851980478616,7.486477128920507,40.6873861481548
3,-37.319630463865764,16.059932990103103,16.176350536315134,31.1835940437064,2.6799759290370133
10,18.560585450442442,36.503804906868695,30.29467503196341,-14.6788078985722,22.314507819346648
3,-21.568765928212997,24.95757372628499,1.01115757972482,9.507296515722956,9.66664985417075
1,-19.955903770811393,-15.190816195127447,-10.449904664769662,-13.86821971940682,-9.205686080799996
6,-1.1902997344963149,21.107015959607676,-11.592122915377342,11.09754115535986,33.00020871863449
10,0.6215187877028541,58.472294218462665,34.187792736833,3.3379976176381447,40.69209999944904
8,-5.4187057067770175,40.35058040466075,54.52231944007141,6.943737629018322,25.9465481824277
7,39.93332616374277,66.94686498641926,35.276190650082114,27.189144397557385,24.042086139353252
5,-3.226717634956649,3.885423575579827,1.1503642947293553,-52.51227959613773,19.706943574720796
10,6.617248565652243,41.172009071952345,17.814906467684217,-17.530484892450023,30.500072211426648
9,25.460842980923797,-12.092219936096875,11.467712323454089,47.33615970420894,50.03151944061691
1,9.286276742163748,-4.584536745168224,-10.909543311053291,-12.541015558742757,-2.6332033793666283
1,0.9630214873062322,-4.705170678310608,-5.279572305572076,-6.52341539680001,11.115734216069777
6,-5.465822021715313,3.221779134285235,-32.85606538888185,24.258040886670642,38.188914197884756
8,-11.414141715059035,24.259738526952578,23.15335645763384,21.959270403076502,22.090325677483484
9,7.155632062645001,-19.055764306217178,36.47226062678202,7.774213935639587,64.16639833945825
5,-21.736734901772778,-2.9971763118686727,4.65986872159864,-30.61185478703573,17.080842541807918
10,21.11740155586358,26.583966254489518,32.89636717054152,-10.223976857088624,41.227875345638914
8,1.7709952920335432,58.17446612661329,12.15470770738769,49.81241229577299,43.23510030004351
9,13.85536372406692,11.188338905303775,38.94004522538364,36.0429706026354,49.99530514309873
1,6.4653222839107425,-18.28713466983021,-9.141021849819246,-7.149296280950553,-11.055706074652845
8,6.131897126436241,66.64061937010479,0.8238045195751305,18.53960764034474,20.665055847196392
4,-11.040367452306791,-8.963874980097962,20.023601173466098,15.146397290860683,41.2304393716621
1,-8.592161297345221,-16.65420053619166,-8.100964789197219,-7.4393193283732355,-0.8060982224110491
9,29.04998949196692,20.21897798447037,30.042743125506323,32.001603884417484,32.135243729148
10,31.318304582392205,47.30375050119083,41.31933055954466,-20.546666854030285,53.13690216510149
3,-35.83593277119202,12.138609510226047,12.360307338171998,2.291940120493945,33.90130374435291
6,15.061072949825139,0.8637541461564453,-7.427200299665273,12.244663541096376,22.48032658603218
10,34.42758637359452,34.379918871211586,24.667762833969068,-2.6169933974703206,48.951289148636874
4,-7.584803908327843,-16.46621477470137,-11.098514849363765,27.519073992869764,20.56205594990797
7,36.01420041659748,40.956429179004175,37.95994750528073,50.12265900011997,4.300608052580515
3,-43.12295081752545,9.906168672504878,7.077531889439433,17.154291551946375,18.395728773413026
1,-30.72360386275519,-5.5626719146187344,0.3260499055554078,-11.764692647587019,24.45958607195344
7,28.97172706682023,72.98590950040503,41.04020141654544,28.08445843010966,20.04167384755742
3,-33.67987794859726,19.334867239124357,-1.0701800839712092,1.8152105828702831,6.905518520546407
9,30.329504074572306,3.197947343426428,34.120352597710976,25.125360666824616,65.22786576484552
2,37.4881364283827,15.294780360868035,-2.43950623940227,9.024325400886514,-0.9979875772843787
10,22.693345337461192,35.58659530169841,10.38480961755874,-15.27769188765549,45.275312383255816
7,20.668297843987766,27.507300871686486,31.574768786443318,25.008648967794386,10.6589126536057
2,23.649676353365862,16.74086224659857,18.212235822555208,-10.142357653650478,6.4248020678669
8,-8.62283173648498,55.806328611418195,24.58449508604792,20.45930692035049,31.87270758293166
8,-20.99299252770293,59.92797275630685,30.260298182467793,21.978496554369002,25.15736434273476
7,41.02988920665304,38.06513029589929,26.828783697330298,22.138021040706672,15.28482428607112
10,19.185088784606492,40.655150049370484,35.78325514635873,-5.706806341837827,29.853093119822105
6,19.425341474162018,12.33467025365885,-34.65648487541766,9.819884417409785,30.359128598220302
10,14.183681298484341,20.671495213674554,23.976610723384482,-5.479956704151304,22.746946905463247
7,38.74953143899657,40.08126623533762,31.487238595083483,20.372984180037374,29.1723951012878
3,-47.34549237271522,6.444870443832238,-10.02563517781423,-4.467102371470678,57.716773105711326
3,-36.39519197913376,13.223692675629213,5.254639900764788,15.462775133027893,11.59467763691048
4,-17.229314325973547,-8.14119550157455,14.64515873541999,4.875019830122167,43.7995154934086
8,-19.358282521571326,47.49693029189293,29.895950675838687,32.66911947444785,26.510894821711247
8,-19.343828340570766,71.74860793619126,20.5649877913805,10.097692790363823,41.24038511724498
7,37.55645954319989,40.26071921796154,31.28094367992695,13.532987296206413,5.943533780521284
5,-7.702794603950209,-1.4485189758177803,21.416928982275103,-26.11763719968002,39.0395776811642
4,23.67866427936729,-6.259597195286904,-0.00645300750959521,18.888864891368858,33.798344383833154
10,26.325438206429315,40.586823829180005,25.898371755184687,-6.9771468901024924,46.09207177901311
6,-17.91820277107239,26.271395975176276,-45.07784528102435,-1.9998309831435916,21.586083739636425
3,-22.98286430256876,3.3634680228471474,-1.7149405527824655,-7.40706776286638,24.5925678638852
5,-7.995145643425967,1.0473324329148141,7.672981021708833,-40.16027565393607,24.799327567220587
9,29.22361609747255,-2.099398625152112,42.04117033765864,51.97249930478884,44.030797423729744
3,-33.00297172516626,10.774077999311759,0.7419759846620337,12.326851014044715,26.303860586271234
10,43.35370689288819,41.96596630248621,29.64032613197702,-7.819570676069091,56.520181708941685
7,42.08352853086417,38.526012576459124,-0.030660192873455117,22.17777365446674,28.569171015461684
2,22.216242590949037,25.622668677634685,-3.95009057542166,-0.9860294629873536,19.338418944912696
10,27.228118780414615,50.11011911793669,35.67243420110263,0.6144546172738359,36.80424698092976
6,-5.232926829104548,-19.526391154467333,-25.02286339964054,-1.066928609230858,26.25947015076608
8,-1.8343687709869236,36.54646668471925,22.72239183195463,15.97596289436985,27.391050351195073
3,-25.496570727023446,9.820299252564457,2.111808399008673,-4.535017297797309,25.16475838773436
1,-11.734068893845778,-16.90052587846041,-5.518707222525886,-8.676241649278142,-10.3078077309729
5,-17.795388328222497,-1.8796559567675857,6.904538245597916,-21.201857070426723,29.544824181443655
3,-36.24652398673411,21.518543319900033,13.69839254235791,20.209116446070663,37.23729870442064
6,7.9428579146558045,-24.771150299345308,-15.4884798097452,-8.093295544272909,18.95174249829293
8,3.5204090438552935,38.05529660549776,25.686417524730768,55.83006813521328,41.919772006865706
4,4.070690157220065,-21.27341200411405,12.617257639016955,-0.7730215727462912,43.4637990240527
9,23.462744583896605,18.877173423329964,12.886250371969613,42.492085456163565,36.4050988397632
8,-0.048259293049024876,43.70272857784696,35.82877564292983,18.99475563579066,28.62800672226747
5,20.190818267474302,5.764438686941698,-0.5907108028370942,-44.59834902205039,34.214752236475235
2,17.62325439154762,22.624570535605635,13.094244498243631,24.136421679655335,5.772403033660247
5,-2.5702805763308443,9.774159797544808,4.153505939788035,-18.330638442119294,38.2610482435418
5,-13.229633000527514,3.1360652727219964,12.653154620003445,-14.515424337768485,32.6479541412313
6,26.321378971132397,5.918731416387869,-11.270759730000144,-10.027558901892714,27.153585072465823
1,-13.448443085228877,-12.695099678282862,-12.207046282082793,-12.67856338286329,-16.388202478637417
5,20.36436650975095,3.0758956986117525,7.902433355823567,-17.36954547852145,40.40058015583532
1,2.866017019775029,-21.686159961179076,-2.4882329846349043,-10.487130201021673,-12.481609451476665
9,27.034404071265094,33.40261632882487,19.744959237486345,25.223102356639963,39.10195936479963
4,-6.279867294971636,-16.214648073382982,30.457903276787228,-2.8550502477642627,-1.4191433661995774
7,31.013949056903893,62.80121770393693,24.301045290155965,18.01778834754515,9.891943339194253
10,4.669627113854464,26.084683538340695,19.930875446678773,-8.6147499226824,37.83896402966316
7,37.734086969898854,40.431262281938864,5.319321941576945,30.60793197907271,20.232421313822794
7,31.697303696088497,50.41060850286837,10.430572288586308,33.245012351713115,7.976290293974619
10,22.472456449655752,35.09862335224397,42.36672469662045,-8.362551298534353,26.2158105749714
8,6.6651411431932726,58.16530033704453,25.279425241592385,42.12647450189779,20.346565389470634
1,-29.713210366512634,-8.922660360503954,-10.546001741416502,-12.237589888209127,16.71989096196775
2,8.218369632202954,15.148282750189642,1.3819690680603358,2.9774442209192875,10.72380956595697
2,22.90176809230455,7.192961343616396,-11.41179889061529,-2.8174695586199903,1.8247586243950793
4,-15.047752095671871,-23.713377644560865,6.535229794269478,24.979900917524752,33.37264167389933
8,-29.023673324767888,25.891418589793805,27.83310951119772,39.75400733691342,34.007380259999564
6,28.648658663658313,0.2768764658707443,-43.53482874501359,6.60756983335348,45.958451485243195
9,33.16175184474166,21.32395802478202,25.350937741057244,19.582891629700203,45.754547052817784
7,33.808570536521,59.78024871624425,6.012792621621774,27.706377708594673,1.525300934047161
2,21.001671571557036,20.92240938701375,-4.315354829060528,16.110551794639584,6.278551601492814
9,31.058490470318997,3.3923694383684717,33.172931580837414,32.55890727300598,38.76622035946172
5,-8.279786046397748,6.947159452428343,12.884355309009306,-33.177569996676134,21.71147492638528
6,-11.596826929327769,12.000276017767467,-53.206298782874256,0.9876056652934991,13.41988773093328
8,-11.129121487361068,29.964541911063925,29.56472441544849,32.886825938345766,38.32100326772014
5,4.3670507070696996,21.397243475484988,-3.565192550173185,-25.22612527504792,33.41156219815858
8,-5.70391703560469,36.32741586254188,29.711455220474445,35.80787055045454,31.229240598700482
4,15.174311403886627,-30.111672488779206,13.053974724142057,13.855646571244687,38.81709800976653
9,24.305518916109236,21.9632856006791,32.48667195984546,26.900164036525602,37.979451437315376
1,-2.403611517008919,-11.485575372600666,-2.0786899540116064,-10.65183675817167,12.713991127003775
2,15.23767662034216,24.352935275847237,28.528729079047643,8.861473784228034,8.642102764166243
4,20.94304941018312,-0.371691676612361,28.267516771688285,1.6458088715072492,53.25667710789561
9,38.86854166367675,29.8711336218093,30.504928798963963,32.3000672081387,47.247184931214434
10,26.452944916820453,25.12227944063892,39.35697902122441,-21.874154004005113,40.86603535456271
1,-8.956496154439463,-17.374572623517423,-5.453042475641044,-8.032278128722751,-13.954167777247262
1,-5.998775984611116,-23.940516254931662,-4.7170071423381215,-15.411743134013637,-7.565649721384444
7,47.7198969303414,53.157902952847294,38.434520769583116,38.10204961414411,11.172806142201388
7,26.86574268718772,57.958234255113936,23.110915566977646,25.931582794770414,10.451117646276916
6,-3.650607056294356,7.1935929359621325,-41.61361427577094,-2.048236307579279,36.366598505092014
1,-31.062727273101537,0.48631784107896436,-0.3047169275090553,-10.169646721807027,15.838891210316381
8,-23.00136807454099,36.1344391792104,22.72225158131871,36.23128494755813,36.84699088649504
8,7.807809750847653,62.23412933077043,36.35684221256884,25.103085078833345,24.04402636080274
2,4.913033494744739,7.4371609342208185,6.9803766376076855,24.236300056461612,-3.1350322149029815
9,30.808737661521093,24.70045181412609,17.24797237871206,37.68443977873937,36.47850236683277
7,37.4756234536888,49.047562130837676,29.925481779533886,36.77400176388854,16.820186793352182
3,-34.84321355012138,3.9594699360370953,-1.2090970289187482,11.293962926119418,50.16633491784589
3,-26.02933675075907,8.366645206627382,12.785942126820515,6.112753669310845,-16.215119514479518
10,42.513624933271004,47.22749053516154,17.511834844210785,0.601273273884761,44.5367697842113
10,34.56170737318397,51.24768928638782,15.25807981180612,4.594776331199501,33.45891253237027
7,43.29758930282561,100.5723895232173,12.554358422490425,12.12709636453,23.839065413317464
10,45.49722619214389,53.36801219055914,32.89536367455933,-16.92425458411158,55.894843370368925
6,-7.120625773671969,-10.927753038928337,-49.2775586028222,-1.7109368463081673,-7.805695887217709
3,-36.77395394949873,5.065947753712758,7.142423674136318,38.0035543470036,56.41633801065991
1,-21.022377028561188,-13.042347373509028,-11.886089359925208,-7.737083507334789,-13.03406573136687
2,27.489818357707346,22.14520414705072,5.732908280198238,7.773332641402197,6.102272135255176
2,0.13670014166645572,8.593891709586309,1.114877032693415,10.223434778684611,3.8102517661677826
5,1.2271358163096906,5.792973840936792,-4.132565089062206,-12.491480139507914,30.448549569362452
3,-20.569852072246114,18.15760281572853,16.197867534657977,-11.377441697103531,10.643413003667767
3,-20.602910977779416,7.546068762288171,6.026398370459244,20.000604788665353,8.519824536349041
5,6.018084000599376,2.264785699771097,-0.03557283015114798,-45.17566646840069,46.54647302986967
3,-51.35898295688099,11.300154084960107,-11.179602256367048,25.259754885009237,51.97939654294283
4,-8.214740247436035,-36.93087538387749,27.679742046970283,-5.772034561189372,30.79234043276105
8,19.418274262312718,39.5526543777805,25.0865541882036,23.6411972997544,31.458584959006178
2,14.86326420331703,21.913558499139025,17.608411775491476,10.18860602369114,5.872972620308842
3,-34.459028458166394,19.982072586809956,18.710111855231624,16.843293456053363,-12.763897135981722
7,36.105234575968,36.86145566888913,28.153760045350964,30.189165434849023,-10.845843794186942
10,16.18915825786951,42.379770544876,1.0625436400429251,-12.649595783876295,48.92159188557973
4,-8.731064343933667,-13.695384844505158,5.522704198574588,48.36212592385529,28.61043132359614
8,-0.759336218003118,67.58651789681133,15.368034991090312,25.296573512756737,31.44504313329782
7,30.260643210045636,20.802366039130124,30.87235655284563,30.765410117120926,10.682750215085218
6,0.2902408294656418,1.189026266057243,-13.690653278353409,9.524094828369265,16.20234901458845
6,-18.55953393920673,28.493961090102125,-15.29447806209959,22.657528328386945,19.230805538473607
6,-39.10903295195984,4.2047325418821835,-33.67243165951935,-4.204487293217763,59.145568749847776
1,-2.29255014959581,-22.512427402230504,-15.002542571303628,-15.919619314140625,-32.829501815694435
10,17.73073169333867,51.221787704097586,14.62354611990333,-20.77673204017517,38.12758477411626
2,9.223524808981141,22.90250149814631,2.0306686521069848,-0.7421136638881887,20.865615878006246
5,-14.1093663631559,7.871224328277728,5.037343815352456,-21.53897338901972,36.37393687720072
5,-20.41326990636069,6.368899355195988,14.258729951044728,-19.637302268503593,31.302747479121255
2,18.626232711165805,19.77417347225576,-5.073442787789231,13.92706605713352,8.640838797583346
8,-18.20963808675478,38.4387393076145,0.947759302212507,35.896821808262644,25.693359419070966
1,-8.150709244860579,-14.006550822785005,-9.079782589631796,-10.326468332102321,-10.460814393520815
5,-3.137025170628144,17.44100071594066,18.19273973783372,-31.79362203275234,27.612581025620443
10,38.18495018266556,31.283169176347986,8.178792349766574,5.124101426666456,50.66292960544807
2,-9.25282967290571,4.231568964541568,17.433877337244255,11.697929237251413,-0.8366843999778188
9,27.049926113737833,12.769418242566974,15.63433229715274,40.93420130693762,29.246226156538054
2,5.211599587426124,10.857227960709452,19.825363420950673,15.39691995238575,-4.724785972894393
5,-10.827019507734185,9.914986443966407,-5.116033144958697,-42.90034265809531,39.001147244670065
8,-6.101712995300598,39.44488347415432,16.90998147269094,18.918666641362822,33.07061940808586
6,13.994651052810639,5.493840039765988,-62.658294551168666,12.551143951164699,39.39958321010489
5,6.709015436724344,3.6785030228643647,-0.0785025622425719,-29.452993473659472,24.283549107434723
7,48.93214298223701,29.23603897229992,38.76457012874847,44.877707433235116,16.610453953606733
10,22.079180557568872,26.32654489540365,38.43144926128021,-10.602421225804216,36.29127763475679
2,8.341423974478209,19.231179437823386,17.65877317842074,20.595093571714827,1.4810027664881726
4,-2.836316596041244,-26.531864575345015,6.46141301578278,12.174712890475567,40.102660323160684
10,7.5905960586013705,18.17156238608147,16.55354101429215,-12.802599058370454,44.459457207686185
8,10.953210664602782,31.573481717826212,6.5000812093131835,37.206172441270155,25.6206734568402
1,-7.7608110082328725,0.9802299764867328,-2.7135607262880246,-13.554920635385823,15.102924700432107
2,14.175096561144766,15.069028764026825,11.176386772908577,21.94032369440255,-0.280445565743622
5,-3.126213499312925,16.75043697475464,13.77193688309046,-58.66461546374732,18.998213141046797
7,35.830434209776115,46.076905884123484,21.113947018723607,28.526517468957834,11.018439178254905
9,12.81357016968409,-13.936484404321227,39.07355464990697,6.989610499583019,50.5693184681075
6,-13.801171185857719,-2.768379507264468,-21.24079833421682,15.610974605372359,10.746714968354066
7,33.23639722661649,59.621873456975166,31.089614853531156,3.008419707833731,5.880985348424973
8,-1.5310461360085492,70.30436524053083,14.956520844334454,10.69366746981844,22.673933173433234
2,-6.118904324133039,14.421608630145496,12.020421613692543,5.252471792590433,8.838810454327195
3,-35.735083153761444,9.00641963632031,4.126502652913009,6.710625575809118,6.827434804751093
6,3.7757290721611563,-12.162701207600215,-14.473879265356404,-20.259229401844642,16.024647361876372
3,-43.260216100824394,16.95472899303813,-20.17604629733801,0.5625903365335887,45.728104128661315
4,-16.742909833827206,-25.6567413877113,-0.4075451296022017,19.34142827869649,29.16242278409267
1,-25.133092535342282,-14.116674987988514,-9.778750784355585,-13.708482596142881,-13.556812693494798
6,5.163337467102308,-6.7792775674542884,-34.628919473005105,-16.74058530819603,30.706643238356804
7,48.22466985946993,40.88358665056664,49.75852766842195,26.573717437811595,5.420337027905523
3,-25.701816543520245,11.504821609196446,5.793497087433388,-10.909357546064616,7.837117578860784
7,30.554563620910386,62.82923808761959,-11.280345230002204,39.03266383134819,10.784864513897746
10,38.576784894102914,37.24470353654948,37.665344865329075,-14.12079278479465,32.65036478760231
2,-7.952603997287083,26.08288260052538,9.140182928960703,29.55153762367065,15.70937399769489
8,-34.43156093313854,44.585962670334965,5.814501138324587,37.00965380477636,38.41085871399814
5,-26.28285014455398,16.933511028434687,2.9263818362156746,-16.107494372805142,19.31938828929397
1,-17.24730228585299,-9.43622146311252,-5.042663974768133,-9.156395724501664,10.790185625917424
3,-33.18137193164147,11.671731896273101,7.80956327761703,10.187109864285363,55.16076002839619
2,4.803072139413158,24.33913640663293,23.92010481435365,36.91003452112068,4.297647731355785
7,36.027634738090725,43.59410137824139,20.27317451611691,6.766596130010939,-0.3888724665549361
2,15.817267092792187,12.64232695306907,0.20478676161973475,1.3538688008514406,5.170183400130057
6,-20.548275417618253,-11.765639631474269,-19.765136468007746,27.389629738876373,49.41753369895336
6,11.394793702293708,34.4801939877691,-27.48915435691314,9.694071927345302,46.811947400948426
1,-21.87610280057552,-9.347992344246643,-3.1672564465131234,-9.420758994133278,-3.910927791914708
7,18.674345238478082,57.262371236604054,42.53591547538187,29.644839099613367,11.590666965207824
3,-22.61197886906646,17.822387893720908,1.2879333427300885,12.381810610796888,7.605461422192716
1,-19.17651028230487,-11.888946857709463,-8.378849418161519,-6.47254883707253,-6.186836393947539
9,25.09006612570988,-4.850043984554173,39.945492641515735,15.69283682032363,48.87173651081905
3,-42.881571153817916,7.1041837844622275,-7.76855215108776,52.81441202526652,20.87696084041634
1,-13.155720043699038,-18.27743295766387,-6.566586265042201,-13.7856372843707,1.886931325352621
1,-19.623626249781733,-24.86044129589225,-15.188567935456366,-6.199719877037697,-9.158004715959931
5,-4.525840905898617,8.373737499611355,12.431492189627289,-30.931638859103764,38.49749216622236
3,-36.727199889539214,7.080743930987955,-5.95544493435282,-15.065129326108725,15.931368646615267
7,43.899410477871285,23.74553518669531,35.78582731465346,27.31591900861238,11.147697896340562
4,-0.02532959943813351,-34.61318109210762,-8.524336276745752,25.717422796614052,10.563991634780887
2,14.741103409439525,23.973312039648874,16.81246380155583,30.483402473744874,4.239080677782813
8,0.32885291464436683,52.739687827031304,25.126912461116948,49.642801274303,41.61003500213959
6,-1.6087158962476118,24.856050147771207,-45.675249819240044,5.5153414426960925,39.63915945628318
9,42.95760351942232,-4.847838196155495,16.607431536880128,45.363759998421465,41.38503086733749
4,18.78837160576972,-21.780611577443977,8.847942727510446,5.91211295897402,23.891044428692116
9,8.14905403283202,-25.34780558811745,25.04417320044351,15.133066451523785,47.91537712460686
9,34.24117689030292,-0.16739712107627014,21.90797370181531,34.567244055747835,35.555067161523695
4,18.0865835602834,-22.456935969915325,-4.888948019891043,13.968276510603404,28.206427388720705
2,18.140643548964373,0.6862586476764818,2.625198309745082,-2.6213174495470817,-4.964089408081735
7,36.5406155953795,66.34635023611969,39.38822544515418,21.84118683756766,29.02314612396352
5,16.634711033288053,3.4249040800629205,8.532206197304602,-37.77785537864354,31.012393303201375
6,0.6803209223594413,7.726059714182079,-35.19652988458462,6.1170107319935685,40.96567025686126
8,-0.29029033545895633,43.99709552346213,6.406024233225033,14.435104605464609,21.522439041342743
5,24.879997017973206,1.61552625846363,5.262962525295174,-45.512038044512195,15.099481192454483
1,4.870033580992148,-23.56306500619428,-6.195280233738765,-11.034945194382708,-0.052588687395049405
4,7.636631592274365,-24.937850295954373,14.214979761724614,8.305249964139646,24.63532141249305
1,-24.95458555384227,-4.738873459248767,0.1386447363516865,-15.128195190861991,18.018688696347
1,-15.846697961415334,-18.535187760805037,-4.833874277885863,-6.279835931491007,-1.943858103987247
8,-16.53694747475121,41.31737174686261,21.700679751570963,18.72704676844343,38.09731821374255
7,39.95833508426409,50.37104047391289,15.284446160171672,25.345799584872466,-3.105074871328041
5,-11.848094952392074,5.931261421085452,-2.5508264611005487,-34.68314442047339,35.034516844492686
4,3.7347826851727475,-35.46504007615434,-3.7351558646838487,-6.288281719077059,28.107739020337668
3,-42.65992286319735,11.396393580241858,15.929925292538634,-10.971830357304338,41.328977124432505
4,7.208304773284439,-4.5387962138095475,9.731959255165144,-8.19563810187492,38.67985381645198
3,-20.942078678458998,17.514015226484386,25.339921977527283,1.5371646772623881,27.922611941575163
9,31.5228635928516,37.38569548641938,22.79802595727192,22.617459344336147,43.72836515352313
8,-15.989816313850435,42.73975428928871,23.759457894692456,13.99215740687609,19.607028373339666
6,-5.738974196782731,1.264881150753796,-20.820244878934986,-8.079512872887232,51.97223234607531
6,-0.23875292413002636,-6.368784324403919,-8.507801150342122,36.93120941249088,17.056028705138367
5,-7.422635269053414,6.5357972507271,27.947240474088062,-30.967550543085466,17.494237017699092
10,34.58077419998021,46.41531406416317,22.614047692061227,7.672179803928245,34.395157092430914
8,1.7395557176593996,14.785434634365451,11.702116361481721,18.76241028431013,31.17276441603338
6,14.878080606849178,8.985962167815138,-24.124244509244082,2.204975219634089,37.76454260962381
6,-17.45787990767778,25.444097225101867,-36.3890165212254,22.26486989848869,37.82597850861685
3,-47.00340673314926,13.178865446114798,2.3815222421722173,-28.301829285603226,56.65826512667727
4,4.915139627601869,-14.682902610979074,4.4110851379086,-18.173367986313764,25.711234362006678
5,-8.371688002571805,-5.355007561004912,14.099715436664896,-8.757241226897005,19.902951944631376
8,-6.011212485036198,57.74206272027935,10.631550258454947,24.888354963104547,17.87396599694182
7,35.9303787599642,45.293595461103855,34.65748444783261,18.923206847605226,23.305133411764768
1,-31.557939908057335,-24.562400343260748,-15.176757101683432,2.6204398641241706,-5.242411802800586
5,-6.57899144574602,15.952190389141181,9.685997680707873,-41.61327069999909,28.293959467115485
1,-10.129263458613204,-24.934378964797567,-11.379185448281177,-17.0505907919212,-24.477400313076714
4,-5.61048575823544,-21.51860109690752,12.191337386353366,22.441359132602983,48.56047134966586
1,-26.496617652472565,-17.96083574871809,-1.9324434858641428,-11.750124547923598,-4.0045688301687195
9,22.007985288389648,31.69390002726482,27.596653160574633,35.309274330029936,28.64572902233491
2,14.874202615386116,7.722542918389573,-4.711696383270011,9.065694539043744,-1.1904042091355844
9,8.118857230300879,22.81303043190335,19.29068499381058,38.91612697552246,39.49846980794799
2,31.71696389350761,19.423413828040225,-15.911329279291158,19.690509339731914,3.4935646442208137
8,-8.030441000533598,51.61575896474874,13.68430041823652,54.77397091411933,24.852110115244017
2,10.661863800923395,23.426149873951136,21.726423980548454,23.02908164703679,10.138442976808685
2,-7.124379123979002,8.509264391485308,9.565961384840168,0.7948169685203368,7.428527783879979
6,-2.9862249137085994,14.0700964809481,-22.53183328593547,7.451359357648097,32.51577398493193
8,-5.1025329699854405,53.30419912218063,27.452609206165473,20.48646481005207,31.359430964864
9,33.50400750341978,25.995777368703447,8.59556288592831,22.641639023130153,39.15739833512352
7,42.540065127907326,28.85623514232109,12.084427817846331,25.56054442336555,20.96965300383476
10,14.372552965625863,42.64866755373899,27.67499169435254,-16.324696717294362,51.96920960055386
4,-16.040382686023797,-16.931990608755804,17.93204050474216,23.00640521440406,48.10370743988039
7,40.993775700519635,49.389878256587856,19.819419885057233,30.977830168329373,24.447537647848932
4,-26.45359198937298,-14.899314168180416,-3.0740431708661102,9.785363699656703,14.538813031113122
2,17.79030088956516,28.929044620944136,1.6948419202633804,8.849555493593849,17.471945106976946
10,7.156720901740901,0.586803455675053,32.43722003907381,1.5055693782953234,27.6602207793215
10,4.8340003191379,37.192415662076655,32.72905355067189,-11.440707495632392,51.81631053711633
10,1.4195279920798036,36.537248944324986,2.039122009530562,-4.874001848577173,44.51533327795753
6,10.045447900917445,-6.712183996989516,-28.183001994457168,-9.990399411725043,37.52688743525105
7,47.87731198330161,60.33447924147858,13.678758123255852,16.08194843168275,24.294515615308526
5,-10.461727738408936,15.638224117501242,-4.140957528013745,-25.065146827670365,34.63556618063453
10,27.923521073681524,57.24833606724849,10.903078302910426,-1.8805556310093356,39.01522262858259
9,37.329872607091914,36.91065417116165,23.178285983683498,19.542078033530906,38.839656615314674
7,53.124393416243485,67.47813723703746,42.79110652980172,27.944601107355236,19.97286868587624
7,46.445890976731924,38.54519077821625,14.019048076321361,18.70793168505847,-2.976187773331647
9,34.41269766502602,4.520395674721928,30.308847436458315,45.21389476323363,53.556999004671326
3,-41.76014263764552,13.207317085797465,5.8056933105036,34.368829315958195,27.834158804747464
6,-20.705250198313294,22.469777629036304,-31.0457884919843,11.193525108602516,29.479829188403812
2,37.17703378994629,21.99175957119055,13.635283244154888,22.69095460625217,-5.684249984429879
6,11.555212890475026,34.35833049540067,-27.144850972366633,1.5554843044746178,29.050211705444465
6,11.252646022819235,16.771789758570208,-35.500618988341174,-17.545000802802768,32.27281150745986
8,3.3336088736616123,61.9346326720007,20.46103575364156,28.034113209762467,36.756064525834375
5,6.618070884460164,2.742912468954744,25.68768877310349,-22.493063045784467,35.7645222974797
7,47.30436554956496,57.98003411927249,22.40756827581499,35.95324211631786,22.845317966232372
2,3.34661378663524,10.775542196028637,-10.815581550483722,-4.369154807554107,11.578260022317288
9,12.386437889518936,0.030332400305658425,20.12483296503898,11.715365328699079,51.26756561943748
4,8.925528164515395,-29.909058206655708,5.276699937447474,17.66738657857551,55.01101942535996
3,-43.162290038981226,3.5361633235505803,1.4561206241322182,-24.296293090144697,45.29019033318367
10,27.19369754281332,48.39642868048864,6.018874161756589,10.401946240216478,34.670408234303856
4,-4.844070819604259,-18.749070134730417,10.849023820951253,31.732596257944518,31.340857450141932
4,7.089192672138278,-25.99980311910727,1.3486532565461378,2.219624833599262,10.585107746007623
2,9.906199777874509,5.711623148979523,19.61597082361757,2.8863868475705408,-6.277434216635065
3,-20.704236845091877,4.272491410867277,-0.35549077619893676,-13.391026088039997,-0.2567270142896696
8,24.460240364372577,30.722833170815925,6.405372356242983,25.93920376535101,24.418937287737254
1,-11.851675645887115,-31.134413612551057,-4.842839557740394,-11.351318267642206,-17.856927126720585
9,28.293022523014514,42.75578932899837,19.36346600957668,30.827047277436375,29.995887760041427
4,-11.705340846806488,-38.32983176132518,18.581298510007144,-28.06659142906349,4.399055902056745
6,6.120410748741789,-3.8530774035686655,-23.782868867539335,23.574549380076917,33.62222451377727
4,21.247198346982486,-35.62469154429106,10.382027903875212,-27.386864164700764,30.692361734897343
3,-25.067159419490277,12.028686296574723,19.645060271897307,-25.818185423882113,25.759813644916854
5,-4.928606729350022,11.144664367881887,2.2707424327435364,-24.5603728098587,26.196324421445354
2,16.906710368311426,7.498234698010416,5.706733945372868,5.492034742853117,-6.0220999198726215
6,4.500233304877154,5.162815024008765,-28.52382404511049,-8.849510404646521,21.741743540756428
4,16.65591365529439,-20.6059183591075,5.923105316654755,6.914567296271279,36.94902378456678
5,-3.901810856907401,8.079997281042747,5.535626007722369,2.774243264931016,10.825768994041269
2,3.70126010933501,-9.83100461258649,8.334604966448843,-2.0304705435147454,-15.991669244257421
5,13.462729902458175,4.377383697024142,14.83948075014089,-23.609771427590644,31.107614849149442
3,-20.786367683498895,9.276239883653364,15.816879637100538,-19.501559811026407,-14.642143477325114
7,44.837066006772396,80.99018071757304,22.68104413543958,27.407056016532938,1.0646901656303651
7,50.484574354834955,41.93928777933626,9.087323735331662,34.04981859731279,1.1624503288246348
2,6.782920771730032,-3.4069067787241067,10.99858567086659,-0.8997740105835312,-10.336301505125714
9,24.92978353030753,14.09788983969838,21.470684780682355,11.910051938336046,51.81124277176406
6,1.4909550262489297,-1.1202927126320672,-28.127221557498817,-9.127654878903877,40.13652534106219
4,0.5227036943522334,-37.89854799174364,24.268366389794203,4.473673720770026,37.27544096367881
9,23.02198701442288,9.813806735975461,25.31550006864054,33.57028091749647,34.7531612897914
8,-9.396323870794323,51.34395153779854,24.001973809539276,16.988264193983387,42.69797648016472
10,37.84525414350203,34.104034931464554,36.91233698548746,-9.469753044936127,32.76346231953479
9,9.14897916071767,44.546436584931655,12.985709819511866,45.84911151049131,46.3365048520359
