7,1.350688426419044,11.921151925410786,21.602865504845344,34.948749648881204,36.2761765981914
3,-14.922420091444462,-14.131887508918156,21.95255549847755,-28.517138861137642,9.773524045792085
6,-16.669395142257095,-22.71111310269303,-0.4468818677844677,-8.499037218197586,-3.186017559076071
9,7.737377848327412,7.091932452426127,16.564159396451277,-4.625353043926655,-2.683745776356751
9,9.714242220596152,1.3976188500257676,39.767176257965204,6.9649439731085,-5.016613552676013
8,25.621031256194165,1.9534891413750017,21.042749883445428,-12.651009303995778,39.279153556898684
9,25.78169050037982,16.169150614268652,24.598807821937783,5.134120746658505,-5.899433087181012
10,-6.84063770061652,18.342624952340294,16.87669524951908,51.98689571296919,25.369923138500628
9,27.844054318109386,20.00456198482095,47.23959028406748,3.018222432283075,-1.810670035362974
5,-34.805239612131935,2.324643285232716,32.30703790118882,3.4088301017123257,12.910358599003265
4,21.59237917896479,14.244255551626624,22.938077751296476,17.833821776956707,-29.202451482313013
5,-18.898322002193932,6.634491635208566,24.647709708055054,-8.896348563277927,3.7192479630370796
5,-14.61825643014081,-3.7174650235825277,34.93156393440577,-1.5109343659337737,3.849909906326744
2,20.1970468026339,5.819101089285615,7.424884483606968,14.203181017039562,6.000707987155838
5,-3.247790362679858,-7.823099546197779,33.063840307490096,-7.275403683476686,4.646647218966808
5,-14.844430382457139,-3.29450427257483,38.57048801746118,-21.900530843001214,0.684455150518787
3,-3.252937567630788,-17.13048648185336,10.495576152666562,-31.04117046866417,15.768728421214941
6,9.787055526767485,-33.89858057102355,20.967302538260544,-1.1011874036209939,-5.593154352924698
8,25.849235437402015,1.1788340933379189,32.82865310313265,-13.257922971687998,29.93187777605924
8,30.95816376949388,0.876461435492482,29.11459844132431,-10.931766011755744,39.24811990802024
9,35.591950318367964,27.553250364459135,24.36478231053021,34.20728235597729,-9.039355947180324
3,1.4645375886751735,0.22280455249716125,9.449145533869075,-12.380886563915515,-2.8845835200581886
3,-1.6719077954513564,12.229283681777858,49.308941300566715,-6.7366014416576725,17.49174187339606
1,-10.22921575600137,8.329714449543301,9.036718897993083,-11.242344938325683,-23.359600122834536
1,18.8357238637409,-21.185000749795055,3.9238879530834696,5.357788673477347,11.616359946953267
10,24.77139934167404,34.83244820559976,48.36023220740555,34.63718956501597,31.96369667176534
10,18.89314532218734,26.20347111858804,57.11000856737796,42.61286287703299,-10.583968388381972
3,-7.593421555188339,-58.15779945630076,19.644407600718328,1.5626609166596417,9.025871559526774
4,18.649830891137096,-0.16985306286642787,26.39600061893421,16.5981816141776,-19.263270526436838
7,16.016561621847202,7.8685670914292425,36.87291292614672,25.194272745535546,24.69697363713676
4,5.074781846900308,13.042543016026872,6.218702653278873,-9.528085684643003,-19.051395966358307
2,7.304190242714186,-5.144780439326376,8.314701684250648,2.188053949233672,-1.323632262190781
9,29.530068908993297,18.26668500375861,50.09830003750315,21.373647037741918,-5.061861749734483
1,4.116784774332558,-13.274820568892947,13.08753512244057,-3.948167755687381,-12.07634397588068
10,-24.07028231882939,13.204547671616135,17.75407094525889,21.505512262215902,69.86436823277404
7,6.5908185955084235,8.350526940590623,19.20716531823996,25.050910081362815,23.35572240718392
2,11.9693779434646,6.809623096752944,22.940317932511444,17.787084050447227,19.869790456265925
7,17.614634519707206,1.6658957253414317,0.9710940866910676,9.04957036795242,40.67601959195757
4,-9.683618388978442,33.47978643852575,12.79134723679382,4.183291943573801,-26.02939602847078
3,18.4086825767542,23.015043356471196,4.580427578254939,-26.34782323656217,-7.4966227672749435
9,13.76560207026878,17.743070988169364,17.715829359682754,34.94452247127469,30.99095669996788
2,8.53740540321738,-2.7824168276468635,-4.916340117023981,1.7296017570140476,12.439063699274367
2,4.436169525256574,7.456813796255916,-5.692333114907661,21.074176535167627,22.168936548483607
1,-16.036116654393815,-0.7982001717460405,-34.930421646227146,0.3054582497074039,-25.18997208711756
4,19.908738652151683,3.7930055194576444,10.53941018416647,-3.29394637984206,-13.948836958881104
9,1.3189702366286014,27.574397770661047,38.25044607842748,24.292450932255115,-16.925189662769174
5,-1.7080352042197458,-6.780804545713276,27.12724303775242,-8.774195645260347,-1.3357987267397538
2,-1.4949507476486872,-2.8116250698093497,8.74156768914219,1.5879959973516415,-10.797720632695103
10,-6.512698695301415,11.77476062605076,45.446951947683445,18.202384702798025,-2.4817274818505695
10,-1.466902460526694,20.75495737975747,38.64799239254023,50.78557438504912,10.589016215047291
7,20.826899253890847,5.682128253337757,2.2741533352567025,16.61954043671715,48.3602802146956
6,14.865997881201977,-25.233140782041048,4.2220516367778025,8.00237421292719,-36.436113002881164
4,-6.601859541849975,33.235073666957014,25.53720139372989,-15.9154931228862,-21.845794334593837
6,-22.150338305196833,-39.20385729326006,-1.6677423010456458,-6.61164677180038,-15.858704972502688
6,-25.735863784310013,-8.490209701973685,28.275188455241455,0.36114751449811777,2.322862757499381
8,17.643167784291755,3.030470809885449,33.126555665554115,-10.594203839735805,1.635953363412387
5,-26.664788291503243,1.4132673382603258,26.79741424004951,10.027023640175274,-9.90344763264915
6,29.405495818259784,-24.734008014113662,19.969719198510845,-10.706521776562678,-9.836969763352371
2,22.91235213840254,-27.080616667575605,28.068909793463284,3.756330768199228,3.2448334707886373
5,-25.72600262960624,-1.7851544757461588,38.02749142924667,-11.340543295428908,-5.255122578871875
6,16.599909272478367,12.678977536204503,17.36269156896222,-12.041125404839498,1.7922529627277026
9,45.12992042675977,11.620638034151735,52.67461419240115,13.663137921066177,-13.902558552413394
4,-6.365156833018847,-37.73236121129776,27.17946309467487,-12.292762945891472,-27.952301566815855
4,-14.286159358564902,-17.234411507111258,16.82699490190267,3.4336175861702154,-9.043043718397175
7,22.053620714574194,-5.299666852988127,24.580234476942614,40.436810993641984,24.743244389153475
10,-3.7958986907394694,-8.694297951721248,31.854651649945843,37.98703896224873,1.2959711259185767
8,31.285319327340083,0.047336611474998236,42.28403227485859,-8.417120089427854,24.046743158512108
6,-5.225673538005376,-24.435107984460448,4.181198405414458,-2.3211799936952553,-19.356400522259907
4,-0.2911823628716821,-4.116373251256137,18.244977481794834,-1.2458636585684935,1.5880093753761635
10,17.076287217444662,-23.668842907907468,21.08894569871612,-22.75702280468087,18.039007380544167
3,13.874176789958472,37.8589482416074,-24.383193341759053,-25.336556370052087,14.092593315430385
8,2.1502034444391462,4.3188002069037585,20.446049255503155,0.5871336860660126,32.034349303124884
6,-8.243645379719563,-3.665740152131086,28.920525768381296,-6.7101308951522745,14.600919913285162
10,-7.911146206812277,0.9425966965554444,31.090731250024216,-1.8814056283675384,10.817323681170524
2,17.382107658520535,11.61655848133877,30.000365278310394,16.545417916183283,9.292469635582222
9,26.484764392643967,-1.4828669651415822,30.19217832248202,-1.1536438827758904,-4.866690606859733
5,-6.329819971332016,7.527429955547347,5.635875147931463,-0.1353219358374389,-3.2232312970788595
9,45.806072802245275,15.900011667973953,41.74279990751654,-9.914235880502265,48.40257666320386
5,-10.928980112789278,-0.4771961383400747,21.108867689867164,-6.869555981643385,16.805852762905452
9,8.489289045517939,8.317371170631919,37.939000007779185,-6.790454639474472,-4.924798554365133
1,3.1779045004300386,1.2019741862028213,-16.086843691775634,-4.2671190771231995,6.059511126101388
7,18.657097530898028,6.5949913578179995,23.683486994320166,19.066007564535948,33.786938992924114
8,27.10531757565058,3.160884400998235,23.62410223728954,-20.65516287748342,28.695212189961257
9,8.330167773298715,13.85640356195428,36.87429999384882,13.674526330581603,-25.25547016329167
5,-27.76449165212709,2.0459857739440697,29.654424353169283,0.9916211335934619,-6.362085677777866
6,2.3582146432406232,-31.032624384839906,-11.917264413529303,-7.655411356165071,-4.568961611393281
10,0.44091249198429994,34.56885841024938,55.841724556239356,-7.991711024690847,39.430425477316014
2,-17.533991491393778,-9.340017685129563,6.0818860259661305,3.7847964662711835,2.0890310187571037
7,46.92063065205512,9.120709398474743,16.663319553146763,13.36110478006158,15.367665750394742
7,35.814166042385864,5.873486734632154,29.114131250557115,0.033042779751891516,31.70125949942319
5,-10.267685117418146,3.4039043161542173,22.636547909435023,-2.990769159593208,-11.56432830875571
6,1.7139270407426013,-15.485769344320662,23.613787537790174,-8.204523223588186,-10.388450490955659
3,-7.578423843041653,-45.55975513077425,51.82956063558665,-3.042083345204034,10.880707369909352
8,17.103831885849175,6.451617855742214,31.02323450197717,-11.300427105653217,1.5207855585975452
7,25.003450953443583,-5.763689506633668,28.106633572113758,44.02560048907151,32.171763155151
10,-10.675173516743534,-18.742750150095326,40.75281022721667,-13.748913948426438,-10.007851992969197
7,53.23780233329417,-6.452925487827711,12.6877935474778,5.419341465999368,39.510043391227434
7,-4.312083938218944,7.7204147042232965,21.942659582329778,28.53703546820209,23.206911247678025
4,-8.745824972906007,12.023690800798441,5.518664757050518,-0.711232319759366,-2.63030299681761
1,-13.007814622197255,4.0998862138138525,-21.89061454279223,-7.140797877521289,-16.36949536422478
4,29.729627372007172,4.17908259373431,-2.5307705526927933,-2.4236234810370334,-29.88691533506411
4,-3.9177662411653733,-7.0052913914081945,13.194674564638103,1.9415213320842248,-11.14576237472721
8,24.3183648354457,2.3813066517617103,26.338795041441408,-3.8783830564861725,21.47551949729056
2,9.231970019873609,-9.917855801226308,16.62029188241683,14.390827610858345,8.532394096460697
7,32.87445006708248,3.455905676924054,15.49787183341574,20.634932103166907,27.353608683791556
9,15.61950618215121,-4.704191435801451,51.31454475045285,-0.8945136866291534,13.45999379015545
8,14.154117791272624,7.512123719976789,20.174373311853955,-15.370598961261303,14.859333588538066
1,5.761541664304641,-27.805864022638342,-14.30374830964648,-17.54703674302135,-30.407756615530985
4,14.292452145155078,15.776186931690004,20.26771525250409,8.727513409262144,-12.222891741124386
1,-9.03856528146255,11.25480471636384,-13.41842982120752,-10.729842382923415,-6.7380663017177085
2,18.600856473816286,-2.736501173432478,10.553107664540288,-6.8072342560318715,17.876404433018962
8,24.212015177446332,8.65353723249849,21.9177941324394,-9.978559261095741,7.573953996204818
4,10.773471237865852,2.5407021099040703,8.047064834363374,-29.0400972067882,-24.127857863097915
7,29.134299051428936,15.59772454272167,28.59608618569946,23.94225803458485,2.4023987924010157
7,44.17470680706784,1.2700554755239626,16.76058917574567,24.894467622664706,18.54969711070476
6,-2.974079935616981,-24.30448790871871,33.956528056363354,-10.245041900703647,-7.428923538055583
1,16.51625417925152,-1.473008617093693,9.48521170225165,-8.453409514198684,-7.361881467715348
3,7.319713181821604,6.6845191637771215,-10.3994710279509,-29.35579245376328,-7.275682143865519
3,9.61863510388227,-20.977834575697752,6.1758313876113125,-27.526149807816402,-2.6276219617261
5,2.3176337640008633,-2.5616204091900254,39.40206803085289,-1.8916066049186775,-23.4775328247421
1,-2.691924257255762,-2.5992435774643132,-15.9886191152175,-17.94602541289251,0.7953395351510828
2,8.430687535489998,6.896316782978494,-13.987248662797668,4.8585801074186445,18.31542131118188
5,-9.934377690422322,-2.9389555426448055,41.88202520475731,-1.687704483041286,9.28944202251702
4,12.859126640251922,-1.8981066265877042,29.048152667572836,3.5784751105509303,-26.276511033414153
7,42.13667055458518,2.9340322031438912,37.27729105663563,24.23778069085872,14.387837555474931
1,-10.256718055675469,-30.73945446990541,-16.829777368307514,-5.847580639444761,-6.728305159541225
8,22.561332508143533,3.178644026546177,23.28222973432466,-4.774666096302335,18.20141167796339
1,-4.927502649989707,3.6989064371006615,-10.026726743310231,-6.624207099847676,-15.762738518597658
7,61.112206265156466,-0.2746148322697133,-3.906490555909169,16.45905497382924,38.80714105382893
4,-15.433874512631405,-18.974928254829017,-6.726835313983781,-3.231948699450934,-21.62964746711836
2,22.761116315007982,0.6265362902651868,27.401477339851656,-12.84078129959676,1.4447721042198216
5,-18.597608225948676,-8.94064378446648,36.22384433549032,-5.83787257867681,23.098903719115484
7,3.9283008289902845,6.439810830472239,27.534536199370677,33.85963095890111,33.03007560592014
7,25.424112188790055,11.627763529146094,16.76289040235215,23.94648036844213,14.918039121348752
4,5.735299820915435,-7.073874813497614,20.329519904359636,-14.105140182125925,-3.336733741297113
1,-17.37323548210104,8.196040091782734,11.207189388997048,2.398223998525478,-8.047357807764858
5,-19.322975124694437,7.654967416339022,-1.0278529540546373,1.515306429779983,1.7124409471338156
6,-9.724943531864497,-8.875426303449887,11.230074076226177,-4.613066510579289,-1.2728658539889832
4,1.135550554793105,-24.02137062575185,16.894244194023383,-7.467359028779842,-40.996288419604184
9,-4.1711527957703645,13.12076454725429,20.52089000997158,19.12410959108074,13.358103398717615
9,23.13460226493891,-1.618808009100409,25.04398129158868,-1.2139538121428313,10.345878028162947
9,39.657804298131445,0.3946753534369343,36.50719194089753,6.779960452440017,-7.400009840029001
1,-8.053070255230304,7.515669287149968,-4.187784737502421,-9.310584208425375,-24.35854956895999
8,0.0354585855458005,10.810976127446665,16.9643262106215,-19.773926636334053,-2.458727686908368
1,-17.16219469850507,-4.64620570180059,-20.465877641232968,-12.378985061750894,-8.105792728777988
5,-9.434361491143779,-1.3406251795977653,34.659529695949914,11.648645434064788,-3.1292257316979395
7,21.28467774007117,4.13538745968706,-4.234552421166704,32.265685126670874,44.94331397158774
2,-5.321338511860475,-10.552310884512078,15.541913426684935,10.261754713395764,29.85351601451616
3,-23.041138066881118,19.64780497058042,-15.045992763088298,-6.467356543735647,-1.7453585151374185
8,44.85228753232397,0.2640833171464809,34.836182672447116,-4.582067133388431,39.16747641324882
3,6.640301719730962,-10.09120141493933,17.394008074909646,-47.49727782820419,5.0929944479365155
4,10.708439748026414,28.169955913232357,30.41686180021987,2.0569186292338397,-17.88245457559166
6,-6.9938811367320515,-12.049347436523215,3.557128056753143,-8.35787970487332,6.148317164019747
4,41.69018101279909,3.5165581930885734,17.568261483971625,-29.439400988352745,-18.438514722962978
4,20.157590624765664,-26.795656486568372,14.273570597935455,-12.635186045391592,-22.356759513809788
9,25.444865361243075,16.847358238565988,29.68942166504675,0.588867283417601,-4.147424159468174
6,36.083311143369244,-15.675275623994082,-23.846307652389402,-8.186590272205443,-1.963728577337894
2,-2.9933023700516905,13.48946512981628,4.818562964899549,1.1511296596924891,1.5058152740871789
4,2.99578278420795,2.510817904739799,25.202295749878356,-5.060262192531555,-28.925200976310215
2,16.436620362039804,34.16942251038156,-12.00871673394819,-3.6215437147051732,25.273194194208738
7,25.54823926535744,-0.09997076420675377,29.68828595839817,16.93938272484211,30.5066540328836
5,-10.466605909497574,-11.016014826606117,31.752584260866556,0.8319884925808232,20.480013727176445
3,5.400674638615552,-22.169941458416954,-3.685241561191905,-18.867613951986485,-3.1064992939625915
1,10.490305317224454,6.665471503619854,15.644790400815783,-10.826811738436968,-20.525674109020834
5,-30.42939499280395,3.320572711996244,29.638980361582753,1.964252231398408,1.118884872367501
2,28.06267951079474,9.951767970301333,14.491075868770917,11.245703781388343,18.987577936011604
3,13.15408083928994,50.556362971611925,19.40351226164587,-24.85878024050557,2.814969533464418
4,-11.149271158243494,21.509419915411122,13.86925153345538,-26.85577750591727,-22.45181449471518
4,23.41867746768595,7.327479346360889,10.377416432439103,8.323780672911418,-25.983776974060646
4,-17.95731929602377,-22.94826417678064,23.428203663986345,-1.028283669319598,-7.184506445553568
9,21.341719090719234,0.49219342054401505,33.42269387359197,4.64038060466757,-14.880646416401245
7,42.59369160759725,-7.697771843712438,5.909921129920132,15.968932712737914,45.48839746599273
8,23.224971014765362,1.2730632134967497,30.484190170744526,-6.702879949538536,27.651250586916568
8,19.61165642539681,4.985120116810622,24.20758053024398,-10.581992977853842,23.2415287205874
3,-1.746092620221531,-0.8569374318714199,0.6304219531897619,-31.512784251125964,14.313458861551695
10,-14.453770095770862,4.981934244280317,23.1154711958462,38.35597935239847,37.470353020019544
7,12.855483273625033,10.562400436145309,25.688788298014757,10.1222989022619,18.85087299475263
6,-5.363562319032159,-36.646501690618614,1.414180012573194,-7.930067942636963,10.015637698247748
1,-12.955474851707844,11.51911540590868,-32.68888207374705,-9.678769071407487,-12.948213284453818
9,29.64577571461772,0.5622735368453027,31.570823574876467,-1.7796037382620682,-13.69500246787404
2,6.025372456312691,-6.072773934784285,-1.0667332824086229,13.807992646499814,15.918334897868736
3,-3.050589630214735,-1.0972601850234436,-12.76023466681413,-45.56823815732709,4.313447309222571
4,9.080432214937971,17.540956676449376,-1.6283790677163665,-10.123211606734008,-3.669242819141557
5,-32.98986405710182,6.174916988827896,16.984456600121714,-32.03657402354006,-10.446847614770439
1,0.9036651790788728,-2.5971945742643294,6.066124205194877,0.9581917050318429,-11.044276184857646
7,23.13073890865218,12.709602883661091,17.22334011397983,-5.580274141749804,32.57829256624972
9,31.55493407647574,13.453117947031615,37.838723134590154,-5.810151797911109,-10.722040448861007
8,36.837140941725124,10.405910570916213,17.741229988225726,-4.428525883033111,10.239429103338217
6,10.99880323770973,-17.584473612394365,28.35250324412221,-10.22898722972316,6.2427529322077975
1,-25.200772543957157,-3.9090063127903436,-12.189932806238605,-12.836716486410225,-16.255051867327712
7,15.187859113339387,3.5742535804468494,14.495407555482307,1.1990332037525455,49.22780226954957
4,3.7284864132919036,24.24909878831564,15.879994921603888,2.3748949891930184,-5.82337963032775
10,10.722260634246673,-2.1626319098778026,41.3034651385862,-12.241042180856716,-19.174760014664972
10,13.896625574892981,50.727769605141155,67.8159889674352,36.56331207748936,9.225548118802761
9,22.736446504814182,1.7129548668140226,45.362643387741294,23.333456798253838,-0.9242557016283256
8,26.68136660404343,8.999093606153904,20.83856958380029,-21.32682972381626,14.969423137548072
6,-20.71503075487247,-15.276255519138136,43.0831132498942,-6.5771744404957015,-5.539253875885278
6,0.4868562166147724,-6.286355590358816,25.098897254938443,-7.341123110712884,-19.196422896824508
8,21.515032724011903,-3.6244993013650415,28.22655564657708,-18.212706809426617,34.84011475660186
4,3.3877139368693596,12.383194119019262,33.7178756637221,-23.428812876211268,-14.812135366269734
10,-12.737286376766592,-3.8631807970415224,45.46564709058729,-1.5353474317204707,-26.722056323131458
10,-0.4413612039802951,-9.086266703536452,28.568995735952676,-0.35327526613021476,-12.360772817234523
8,31.05114542043852,6.610543814876873,19.793616649907413,-10.232342106539758,26.673304106466595
8,3.112345999782306,5.6806572466137215,24.779428699158398,-13.960161160306983,21.81174047861806
7,-1.73045249992591,4.835658227399218,23.250700345030165,24.160231843594968,48.31874245266741
2,1.1772976015584717,-6.3587232517135375,3.8374082779884455,26.349433265628974,7.618964799663972
9,-6.794089328735119,-1.3282300790974206,15.088938288585812,18.211169560681014,-1.9893891856167578
4,1.0013465387936842,-24.73486437469534,33.80038581417869,25.922941709830276,-32.23831413028343
10,1.638457444564597,-3.5888119480186376,31.22933339505741,37.068303658853054,-18.596956926620603
10,1.806173857515199,6.607889851648157,25.107156259839602,8.450537165129338,32.87041063717814
7,23.100291706773103,6.871023944993608,17.365758305966796,1.959574106849992,36.4158268414847
5,-14.59804830409895,-2.78116483151305,29.900929230698893,-23.297201770251682,-2.0524938215867765
10,5.726682171559971,15.409200585930181,49.38135812164374,16.035855684824057,-17.928278093835676
4,14.208685258822387,-27.324980658654987,3.655924322250094,11.187595349300693,-11.78136255756882
10,19.582650838459404,30.322612479180464,62.31783036875578,-3.808750268267266,4.1454381006002645
4,8.373217889037718,8.343051859689497,25.94328054572474,15.759309378277766,-16.021074173095446
4,11.042816049953117,58.937861800687116,16.035021819997006,3.619008914807133,-8.840894670924744
5,-19.122439513442323,1.3229232075596558,18.196100327948926,9.285168959069669,3.1854262652774157
10,18.911198540826422,44.86661946555516,69.26366264530068,-13.438650136006903,35.997216238630955
1,-20.38490901865925,-1.5066226905817484,11.656707964999033,4.5726412217046954,6.207918939331874
10,-6.2832828354975465,8.538580719316538,45.78589472708855,9.081430912573976,8.932693307333755
6,6.43350415215087,-15.80233903429624,6.996280060369363,-13.176733024951503,-5.652853372577733
7,31.860038887045864,2.536620617896672,20.613826885677717,24.861574920484706,26.243630240723206
7,19.80465250685834,-6.054386189008724,33.214987989150686,-3.335983734204845,40.823509523833934
2,0.3482368367107922,14.174115827820764,-5.992854754715357,-2.9935939235811775,17.28929329111181
3,0.6099211078217968,30.27889059075266,-17.032287996469023,-15.72569245204049,27.290937001507967
7,21.856127889396973,4.208771940388069,27.13679362446411,35.71475833560314,18.28346979000961
10,15.144530551245847,29.789594528778323,60.1977663954533,5.826001137292128,5.684546386456676
10,-4.448711126902936,-3.5456993094290112,28.532403318366427,4.838928777709779,10.675224169292873
8,40.37093603073871,3.5659981135898744,33.39496002705235,-14.049423401476774,27.837219307257126
1,4.286173088949736,-14.727447678390856,-22.114611835705045,-12.336762506379408,-9.404214285300428
6,-4.997338049162214,-35.9764264074512,-6.56770297887914,-9.128185779540289,-7.35279233578922
7,16.471257099075633,6.4562362873867585,23.428128080339654,10.880825830763962,20.009399317387633
5,-18.931990123579794,-0.2675434685252176,22.13729028096414,-13.622259750548901,7.462360126945624
9,23.321807891218523,-1.8534514996033096,50.74850199788169,7.063555617726494,3.4706832555207963
7,4.478878906220974,2.0824872471742086,20.64961986647989,27.819480116782138,46.20485465756047
6,4.409074358122565,-20.740459024926675,-0.07739083166584138,2.273998374125936,2.534790392443334
1,2.447080591949671,-2.854610935023943,17.15848859153418,-5.55304110076285,-9.548741021078115
6,-22.96951068463253,-2.8464203398954453,10.944636896802624,2.3537616226202944,-16.441743420294276
9,18.305979247298787,18.162431557439053,22.701459373012945,17.125076355002605,-4.771236654110034
8,22.89080539977211,3.204254952121282,32.3118970258897,-6.3306344518224185,8.886320395738636
2,33.934077729426484,18.82696405763173,-6.2810498809758455,12.411517102846336,0.7480031237735787
8,12.46177899314192,5.207786610279065,18.723910984508493,-5.335104330803378,27.858432640476853
6,1.5087270779150326,-49.60910661719477,-7.331251599790509,-10.090836541542966,18.177217809325942
2,12.145131979388736,-20.041974697825616,13.874937130256855,4.776381085215616,15.078888304467297
8,15.937682367040846,0.24877873357970337,26.49458897491274,-9.42054771406621,17.7696241315026
5,0.9482201689619529,-6.584059355082251,36.87237389875142,-6.147041249730536,-6.2452339577428075
7,25.734915564913216,4.481366097344072,-12.124959533393351,14.6468364112645,61.79134797872587
2,2.1713298889313233,6.80023299682658,-1.858412290483158,18.049076620214556,17.068376604678164
6,0.4654364654927782,5.8394000390244045,17.62220908904094,-5.010886543665346,-0.4286708600669088
9,26.32986770903508,10.18511540617332,38.543677394555935,16.05035352818573,43.02027284206521
1,-12.02327343419616,9.035127624652674,3.7578645411188765,2.2181969894562252,-0.8640381794355321
2,-10.773737495189753,13.857813731760112,-17.8468377018616,12.572315517298565,10.666739832022122
7,31.930901535903335,4.903250396787233,10.728391581540443,12.958188820373467,33.014463105897974
9,38.00076167491039,3.3722599566873583,33.952692144493135,6.999529052839366,-35.97507566317866
6,10.402133984192407,-19.958413350426245,10.0379420666267,-0.8103873323132786,-9.165850586576555
5,-23.913840505362224,8.736312759298759,6.473234585153259,14.807729627976622,-2.4859266441402914
4,-1.5102546007911881,-17.982962019804436,-2.1583497124845437,12.955849754398248,-30.64949191791854
7,9.466537263059974,2.6658967636387656,27.890294366142665,25.46289773316598,28.619824996444407
2,8.730983822253801,2.2278704859227423,27.497590710849263,-7.8598245573486585,6.188047314736377
9,31.355585814347,-11.602918843052063,18.435263220432844,6.159461433682418,-11.998332132017577
5,-24.892552392702044,-3.122319688088152,40.39088204404062,-27.90554627443001,0.5018801849986869
3,4.279581976788029,-4.06432808864697,8.586059713651382,-15.195383067648612,0.3138058335405782
2,14.114351171395072,-13.207785821554443,24.441232102594185,6.7714342122885505,26.301126600941355
6,13.99610311707135,-45.05952841087912,0.6671305556656062,-8.697719388129073,8.214942764436797
5,-24.33446600730636,5.964358367683118,8.730833247289867,16.981631714350556,4.697159765844447
2,2.975786377376921,11.993624316920096,3.817996458277972,13.808796665839356,3.0389206739215675
10,7.795492953124652,16.028224477106747,52.25426814732748,-8.852413579347722,15.70674804589203
7,24.37563164691617,13.17506114367131,35.871701254728826,15.29677840203961,9.310278044505043
2,9.484901452730046,-12.16393536111711,-3.521035771745189,8.041447296219092,30.528230518949474
9,38.74818669745919,2.381560835830916,53.83810596550182,11.171601593880364,-15.018858182318857
4,14.02490612067664,-9.33243252631741,31.91269296118502,4.968204091418007,-26.337997426703314
1,-25.70210054985586,15.891109178421372,0.25908547257122017,-13.443725358285704,6.824101347198614
10,18.036051394027883,36.462236431879255,45.91192095707821,11.969517795451603,59.5401756842779
1,-0.8003070756953541,-9.780948424499677,-18.956771600823927,5.701968883825386,-22.42134984439282
5,-8.98905276604944,1.252863944913232,12.846012264984562,-8.429032665676147,6.484616179393936
4,-12.411577417298982,14.025652392708551,24.022681145514746,3.3046805309796206,-31.71396779959113
7,23.162616304388585,3.5061878903436323,22.053670219977356,-5.42987383191706,9.40015170314734
2,20.852702148248873,-3.405505710131316,35.85926112699601,22.737258779947332,30.330452777486354
7,26.986872956640536,5.804950736131044,9.225981351437758,12.123253684591713,25.796343348667087
5,-28.55990564878697,5.026292097635974,31.20043509360218,-25.532874257734434,-7.213312465024625
8,7.196335681196933,0.581036613476372,26.461794017933926,-8.31982625221762,30.92617474350334
2,18.003241989237374,12.43897748883447,11.60774665484123,3.807592383002496,1.4186096001875788
10,-8.197391773013017,4.18614718702474,11.677322234449587,43.839248878214065,44.73386216240256
1,-7.824303084043011,-7.014661061913599,-9.55922848964373,-4.6618479547897715,-6.91475363441406
5,7.065410494023649,3.295829623450542,30.914620375416217,-2.657457879937663,-13.658308638943634
6,11.110913084626876,-38.50661874627797,17.942044903437292,-10.941021964129646,5.850587068408884
5,-5.433087979403071,-5.815531914229352,34.60727336591312,-32.726631460825146,13.467808104363325
8,4.026786681415542,2.794019261470946,7.763979640491119,-2.2625862905077305,26.857574970425272
4,17.628025109752095,11.394307885335841,21.181387583893382,3.2331630885959264,-4.624493404694796
6,12.853627785999592,-16.458309786703907,3.65720735546023,-5.964977266021162,26.48572099423415
2,13.631577665962546,12.411622307297856,13.832861950307471,2.1562844813593145,28.25090171127882
10,10.043693987072878,15.879905711649899,48.006232486605036,-26.886367122708236,30.098438553846243
10,1.9635692214625395,-0.6956774825561762,29.949765459355856,-10.391082654935733,54.40682002195588
4,-8.702476524402854,-17.493476448250636,13.108168148672766,-3.6606305395077916,-22.01124998713506
8,12.965664840226017,8.60849271419169,24.91861849273113,1.9166857522368694,7.368094566074559
5,-16.90773291698145,-9.381502994502391,8.214617430397734,-3.0945524449732806,14.493762221621436
4,9.463874426052582,21.63905257457716,33.0560142881144,10.808200182838366,-17.55071752416944
8,10.597061502688467,-1.8756630091337385,35.707243184381426,-16.146932218526945,41.03084378018665
5,-5.0341297984960125,-6.8969379857270114,16.940496106971842,-6.585717999647114,25.27044574282462
3,11.491708218180545,5.192126955315864,-9.790939097454414,-19.778264062529033,1.9122867005971687
9,-22.742783096475783,-3.4856427086377453,29.081138140091607,12.836107476907355,6.411995067717759
2,9.371303391473809,13.145951815189427,-3.7833992376669583,13.117814584468874,14.21166708635307
2,14.16312110324478,-20.952051637043613,15.317655614540268,-4.517886463396205,16.562947109060065
4,4.259441358432307,24.990735349815676,17.37857629103407,-31.181746425936403,-15.05502649357378
7,16.20763827623564,-6.337003803694715,28.565719404158838,32.147443804049445,38.09827321088687
5,-15.982926408292329,8.816001358670864,-9.125118088903868,-6.407489095648083,1.591196316934664
3,3.214457996491338,31.651872908752487,21.69967837419939,-20.230463988435343,20.5822130676205
6,-10.154263414052838,-12.888193949590674,8.589200403019728,-0.7413392953362612,0.3681124239772495
10,-6.386557536602368,-17.680576405769834,34.519711536475505,-43.027347953486036,29.023133640783627
5,-16.98406875878515,-2.393643047577369,7.319333226214024,-3.5688779333725287,13.65776801403754
3,3.4756546525496446,53.90444446699701,8.025946957466964,-23.83458350704985,14.65246731311305
9,14.833471752152594,-0.38564445584809803,34.94093789023097,19.324739181635856,5.326509575534297
6,4.376374791534192,-20.925557356456277,-1.1206373549629287,-4.355709287696428,0.04862201995543369
2,-4.144373740240667,-2.834365835645917,-2.510886196025335,30.7768640492298,-8.232826870095636
4,1.8790221422675026,1.7082910544400889,21.876567424208773,-10.971037618416876,-6.418686683777333
5,-25.592024076217193,-0.4370361262971396,23.98922525545689,-8.134534880728829,20.398147488296413
7,23.845429573099754,11.873835591551233,22.469819794893667,16.55732960501827,18.92163692000306
8,42.76172923531897,1.198692884686933,23.06096295629448,-12.116244561836098,29.846008884359204
6,17.331544575123164,12.301592086661916,20.847452607886424,-2.419321507703395,-3.6782615236508045
4,-29.036812362021006,-3.3071123574327266,19.687339947968063,-0.8194259688914944,-14.197577123993435
9,35.52415756161767,10.287611633146334,30.61476369491048,13.557210338332041,-6.407259276428718
4,18.990689322026373,12.10568279441471,46.67005969283859,-8.08310501956339,-12.33692434835952
4,17.63589339693229,-30.40540576485361,27.776895231795624,-30.08729564689764,-23.980148661950444
6,-0.47136246846102103,-15.674132982818982,25.701081270003932,-1.8818518787894911,8.955914051961418
3,-0.8441071134110736,-0.45184655349428315,25.697081779239003,-21.24555335654039,21.37012623582293
1,-33.04784285455207,-19.853466948076044,18.670206699702792,9.899869852966813,-5.0784504651660125
4,22.670064058713457,-7.3825818097730735,19.164793488619477,-1.0481492049241852,-22.78893601688963
6,17.47934790188981,7.471839122999526,15.260962005390065,-8.63670296670246,4.708825091655019
8,35.38282948585564,4.971834370373118,18.502912680605707,3.4113859962956177,29.9235500081091
6,4.768245941164923,-30.254424055277727,-11.837690556479771,-2.4909856001380737,7.469126307563213
5,-4.790789692724466,-5.201553815136318,17.30907425784158,32.89261655173133,3.699334572629583
5,-11.10481803060403,-5.134838585970422,36.861512836145565,-10.551699626714374,-9.507222558027314
9,29.732587358746287,-6.808938685573211,42.23795789350612,12.625478604848801,17.01230430106665
2,13.789410976649364,-24.94713663622907,6.858478426067019,-16.39412112355983,29.50539633848095
4,24.278018040201324,36.50895175640876,13.861252958101707,-1.7781383738746404,-13.827039543650667
8,21.071622940312928,-0.18319116479818298,28.852700968151204,-16.75751610870407,49.56978796457748
2,-13.403935714980847,12.755061100655258,14.831046221874075,0.11403418703499302,16.23739153943405
8,13.302003163100116,1.7518757073630224,19.684401663578537,-7.26804292427674,23.118154691954167
2,18.312802420240395,-24.331977315995076,6.048007521250447,19.621840756920935,12.990471570448033
6,-5.922676250543319,-24.457642793918474,2.177745791873054,-3.748964697546047,-14.027247523148155
2,4.043895567246702,-18.07381768671667,13.780414310565128,11.002068039897187,9.63107808879296
1,-19.77710480246764,-1.8147850009955018,-24.293147884361318,-12.52538702513458,-23.479573417491114
3,6.522943661114082,-3.1291682176838234,-20.96593297765056,-35.286113536197206,1.2778135264804664
4,0.007450782983281279,-25.184285313121084,26.58208185547692,-19.762789130651026,-13.67951136851963
1,-12.11678386884554,-2.1577628411231116,3.681834510953549,-11.0539616421046,-24.45226908935777
8,16.043902493646065,0.66672313867097,21.64187411884994,-6.65897027977666,39.66382639892052
1,-27.077776337400515,9.026596380746273,-7.701991653577638,-11.537322918857377,17.86507588166713
6,-12.476859230768552,-17.957754049718087,30.387168238128343,-8.628267440954353,15.16209628013704
2,6.1345128162740075,-0.9011706704298528,0.6578740958000724,16.167473121923607,-8.946135138297848
5,-12.331876559742657,1.4957748343650918,10.032577942550912,-20.970280958180773,1.4514659871078348
2,7.534649156594963,-1.8314715489336282,-8.490805603524553,3.2403831824450813,24.85058613019319
6,-0.28973194419657056,3.6092538442342104,8.658844473817044,-2.506500741497539,-6.8078063901498345
7,26.41775301320881,4.647470698708422,26.260441615589365,5.223203764321692,26.541646988956913
6,32.75946674910418,-32.621249109973405,21.458649854313613,-16.54729576045778,-3.250314082309952
9,24.574647252687857,5.089814285538335,21.918122689778727,11.292375107092345,6.1074134994919405
6,-1.3732237163381193,-21.26854510989654,9.86841774452114,4.969176215540543,4.473361946453587
2,-10.339662119522469,1.1834920311286636,-15.535983909513508,7.310331225559351,-8.732217333509837
2,-8.161532035959727,8.868777505059677,11.828239402902735,30.334242863287475,10.503795948234258
1,7.225862599770094,-10.516336535698477,4.69490172287287,-12.243337978118937,-11.451838898548061
9,44.504718316337645,1.5126872103685365,41.79882431683762,9.741114227921793,33.9286010817311
8,-1.1568575937677466,4.653990644874295,12.818118097997228,-20.18079809528513,45.67361464328076
7,22.082007902501513,8.741297616697832,6.709419039397533,30.840734141572064,32.35953046394533
1,-10.677529640037449,-3.313545197180863,-11.94033803527339,-10.73205982361429,-2.744937076792011
1,-17.08648719167143,8.715159570440443,2.4557672334468625,-3.913160751938136,11.442219121549186
3,-5.38796667557536,-34.176283192713626,-25.332538522025523,-34.26543049134381,3.5240326250531764
3,14.808475752424929,12.2588617593798,9.149988926487175,-24.42199761489481,8.970540635186133
8,2.621176793598824,2.763039909188872,33.72382905125527,-4.005626468190524,9.337351479901857
5,-17.8363043178993,5.763307443380818,6.687362791374207,-26.764177594074887,4.012411297166505
7,30.934301754891937,3.3021070494014064,3.2200755398770298,44.537841289149185,38.42298934224582
10,-3.2479001962089957,2.980385782396789,50.62396837750241,-22.67523171330354,-1.9416228561014819
1,6.774946716149197,-20.968140592162957,4.865787670511128,-7.808117361275386,4.918033555143106
2,13.935644376617027,-27.651132385497167,-9.551052860534007,14.806385670319333,5.859692596031477
9,26.360491294949792,15.543855862190629,29.042024160629428,12.935968348695454,9.004293410525806
8,19.85295452877067,7.808801081050719,6.210180607155365,-10.31795453884212,19.669272806407797
1,-12.4333042535363,-2.200158725376122,-20.07437984782649,-3.8168914946489148,-2.5469604158526984
4,4.228977378550176,5.564452785052293,19.977831875666613,-6.174442563989253,0.5869877519945916
2,3.6867741236628397,-11.303850901846225,11.816838440426213,15.12654850422626,29.330025077944814
5,-14.041057246203192,2.739185335265007,4.9848916140899995,-3.849968534805756,-1.9327336599327336
10,-5.6589097593368205,4.687569109583427,14.0697543678314,42.320188374001106,58.65997889135615
10,-8.001692106225978,-0.6499265288676153,51.872203737509466,-27.511298550322344,19.794585938936596
1,-9.311290246883138,-18.73567926868168,-14.802475571993721,-17.673262856869773,11.28935261683663
4,-2.3899170180234135,-4.742888991789366,44.13134895373392,6.422102574104005,-14.112746479059567
5,-10.033088010680618,2.8753224803905297,16.560771769357654,-4.2360766105809535,-4.260202853688592
4,25.089998773372734,-2.547308371745742,-3.24629895844582,-43.60953143417326,-1.706829963617654
10,-1.8907169593597306,-13.946163139244236,12.326923345687142,30.807618234381362,24.777503254476226
9,15.984912906930324,18.509458543044218,35.41684017895204,11.62864983981003,8.39887667150273
1,-21.427376615596685,-15.260292651329433,-1.0588746852730697,-18.650205985827085,-15.09739483828287
4,2.0146361997178595,36.67736083827423,42.224683026934606,-18.97436062906684,-18.647951242026124
6,-0.9575041370796376,2.581678706475145,5.695446932663343,-5.699125383115101,-11.466483635912207
3,33.0367501085706,-4.892844495320766,28.11546222483127,-33.201115343551265,20.818010650865702
2,10.319578428316145,10.525400331409925,-20.186415225585105,14.80040019049946,16.46380434885535
10,-0.41508913980899853,-8.485405734137089,40.936531186364235,-1.6723050145106306,-15.930327471546466
1,-3.467992206897444,-15.79393843866116,-5.312012103404968,-7.366275284612672,-18.642614335615075
8,-1.3446106038243428,7.590978062027975,16.27557099919428,-18.650848210036898,13.624166714101191
8,25.63535186253767,6.637254658100165,19.243480094841175,-11.540635017781911,14.176570135643217
6,30.424169807672126,-26.75433716339985,1.167364031506068,-7.647965025101981,-12.866641914759697
8,21.07704248826029,-1.4672087982635516,39.41657326346569,-17.667433869101814,39.020472709064805
3,7.360450840925953,50.03348751066041,21.75009772391187,-21.262672169053513,27.289421212680356
9,11.991199944099103,26.416361804335025,30.28549534097054,6.9465421169227906,14.963363499585299
3,3.1421406376577226,9.332980815807355,26.33817243568022,-5.562166113345583,2.749718846354246
3,-3.652748617482348,-6.420645862340183,11.797645749152268,-34.62518382088165,4.127735326807132
9,14.103989149183237,10.431544024123195,40.195233068461874,3.8136895460252127,-18.295773347793
10,11.282675194679186,4.532249664950666,26.73977683986199,30.476089647706267,1.0446798265863286
1,-8.167836826393192,1.4284777873849752,-11.902268055248356,-0.4042175974864941,-0.746016564848393
3,1.0066525878265176,-37.22806829906893,15.81535101809232,-28.99873079002299,5.02974739856989
9,35.482248798014496,-4.719444841102663,51.94582948521254,34.513937246053885,12.65544373817174
3,2.4210624565992647,-28.756540258235635,15.770602191962485,-25.121991201589058,4.283336904825801
9,9.233564104304946,12.789160127181585,54.39579561255185,19.85676803079805,-6.485821770706437
7,34.5263701028895,2.4120052367363516,33.560555461649976,9.121995487066075,21.455253570203354
2,0.40026132411703674,14.22425275488561,-2.1214040784430876,7.475539928940297,-4.5814881138690975
9,23.286219893310637,-4.608284388458334,38.963201448712596,10.102898195931292,-20.896402860000723
2,18.982300357137156,-18.152175149168855,13.094765859320155,12.04789627503932,19.043662817993695
9,21.203745310670385,24.68996711431458,16.15254292817869,1.736889508498221,-10.898212777062405
4,23.23571229594643,18.130181421390407,17.14130092499465,-2.619969344759921,-14.07697280938684
2,10.339522737409427,19.398714100841616,6.812905085198416,1.6257221726133322,-5.938014652865942
9,39.66591099312158,5.640032490854526,37.16339740715814,25.73648680923567,11.174985348497241
6,5.7691363046217425,-11.82862074744668,1.990414015769952,-7.822985528097085,-8.612897201688275
4,24.471638676976198,2.3897567150042094,13.920998678161016,23.232010179800575,-28.8506314835264
2,-5.737683729975808,30.932174550625742,20.381758793945504,-3.7245504007747217,16.174215054523017
1,-12.75102479953301,4.2168406050044425,0.5102320831237703,-3.706945002348786,-42.21225896912
3,18.957546162043144,-24.18922696908321,26.019230023546754,-18.03514077692225,-0.6787552568964861
7,1.9498874471121148,5.006641233962162,9.638154822449348,26.164228040491164,50.932070226804754
10,14.357614743848766,22.33368613587882,45.441971006520895,-25.934703108301278,54.52321166283859
6,22.604005955242982,0.8878120862804906,17.726802034241302,-11.552842570134946,3.9464511511291267
7,35.5826489379468,15.03021577734151,22.759497919467115,-17.229905207410834,18.28098646369787
4,5.815841110340136,-9.044166518832082,-0.08479975041071697,-22.42127978780721,-16.492180356267568
8,24.435913222902567,8.05035095843781,23.214926523764007,-2.386480564154601,1.636813532186423
3,27.031151932031133,4.09208104637549,-48.21090807768838,-28.791983219681498,9.216245487616288
1,-7.710900058137443,1.1794921211661842,-12.347343952855748,-4.2047438360220895,5.861785102283809
10,26.517528629853313,23.36266806422207,53.74305804540353,-15.394489776831463,21.398941505925208
2,-8.120861933849607,0.7266782633573834,13.888477037622422,23.799600398738445,11.689355720172852
3,-13.740658261556863,-1.2219938052660053,23.37349376541904,-10.38999070477269,13.91464996953846
9,38.52019106946388,28.83218087319958,22.251826147829654,-3.644889019466069,17.42825628098208
4,15.482027347691705,-7.011237338546845,-16.196845577402968,9.895956172821315,-31.002938601486285
9,3.214903139882132,17.881119149073786,31.654250143676908,3.126287256942782,-12.184118681929395
3,10.485669892571813,4.191940923585275,11.100602009483573,-25.831838688948753,-0.7379013653235855
9,22.694899727355917,8.293274868338807,31.22902452505504,0.7502164423001672,-6.028299409007897
1,-28.834030687962258,-5.286646491155282,-2.789538667213283,9.580079630861093,3.997076827223884
8,23.861877578475884,3.2501517263960418,40.08532738573159,-13.821322712983406,7.293289664336193
7,22.18631219389334,-2.6671221405978836,29.271629325166497,20.210498691619385,44.1750307269666
5,-39.225593311455356,2.91158156528323,15.747729474382968,-20.089924555939227,19.45113515682592
1,4.032308530327974,-13.639337294775551,13.440751445113953,-4.823482289881969,-13.554357905794195
5,-19.134127461039462,2.478102533495517,18.2227484215466,-3.7388561337713164,3.7309468681944558
5,-8.085347334170727,-6.298752882778527,18.68449104048846,2.5655218607654975,16.586689707100714
4,12.147574870435825,-7.19195401371829,9.717355138964173,-14.078046531278893,-23.972719181512698
9,31.41962647734928,12.015453055859261,37.991883624849635,10.526961012923168,0.24895398296809118
3,-13.183882435230117,-32.64454777568346,16.86006815867355,-18.681755349742282,-4.878977152775115
10,-14.702669549356058,19.802580453956395,33.487940396920955,27.990524535249673,21.527186174620866
7,17.906238825542243,5.037029942632831,31.86214872751669,26.865499268151837,24.408052211708103
3,-6.773504744827811,-2.5455304654140742,24.057463887403486,-29.667487395133705,14.483282967954068
5,-19.01182237115229,-1.7896744112341594,-0.03645867622774546,-0.9248722631656587,14.406918876732549
6,-8.23329827706719,-17.091126649811603,12.204893265378166,-3.131821903320293,-1.9877700470719788
4,30.420243417475813,4.238793343550197,5.94419080140729,9.510644282722623,-25.23213512616418
8,30.139127878078472,5.348738610230391,11.901696872784047,-9.759186726849492,44.744889239212284
2,16.68353192059769,10.668302303673181,18.258651847414317,8.006978655183639,38.101950545190775
8,6.771552640364575,8.394808639469911,13.941477034686434,-19.239762071163312,21.07751377290154
10,-2.2873323954644285,33.02201894711917,59.39149516334453,13.10626709241047,-12.249530804360308
8,8.32459973838822,6.568839739893187,28.40922579294463,-17.023485200092516,3.9262259008194498
6,-4.649408839133511,7.583607302139448,8.643992776513699,-1.4371244543758253,-0.8179052052319156
3,14.150450546578895,30.83084719970622,-12.403954003280129,-18.50936495040662,-2.924781478908711
1,-36.91522655995672,22.41254534927758,-26.594823749345654,-0.07979449381298132,17.607792184036025
8,40.43740089505803,4.063819734641436,21.610078111461817,-18.56892532240157,25.167207647626313
5,-19.867966598389167,-4.993811373189261,35.833574642547546,-6.0022494831036255,2.4657274400146885
1,-0.390343593531842,2.7672609764747538,-0.21756992126017316,-7.273996745375136,-16.921182444161687
5,-6.283064478826759,-3.4479903152274325,33.99870342649593,4.989924983169869,-1.6020540148110376
10,-7.524533446358293,16.48258504972906,26.974096147989506,28.355968612021815,24.934373475590583
10,-2.680898666340783,-16.409788419753518,35.47271233276065,-5.315297032484102,-21.82549969690943
3,10.521480973191178,-2.6515001303084316,-0.012563915391774927,-34.96728956793409,-5.266172643837257
2,11.916555574561585,-23.343350087254194,21.82410053638103,-9.423849515852638,23.923111453985463
10,-6.348850613929762,-20.009618375144946,35.2031090916893,-7.027479029263944,17.892357603871403
7,34.45200897240652,-3.916765704608526,12.266841782756984,20.774879608531425,54.098433729024975
10,-18.29699958199855,2.1165396722211236,25.050181281701597,20.09426302018298,68.22930565989621
2,3.076786037653296,0.7229511470176737,6.643207558015119,11.348230823985766,2.786908415704141
6,-7.896580554813082,0.38133470496248734,13.307950992042276,-3.9342315868211806,16.161688071913694
2,13.100960806769034,0.2410494301664814,0.6126624691114966,17.024020655246634,23.874989573207074
5,-16.0561944959563,0.11228586918248196,28.01143933714657,10.191440286717654,11.771569209132876
3,13.92389860469078,3.5350100361755787,17.592691381516165,-17.552937737086793,-12.462909865133113
9,29.41113015722774,7.145335441360958,45.85924208003719,10.39639659995536,-5.586714640684758
1,-4.10391346641415,19.298144686008634,-7.212916104497839,-8.840238878734727,-6.520198751825264
8,41.27565874604585,8.952263143800474,27.50276888664647,-9.600471112818573,16.655932982454082
9,23.398136175428178,10.356303726333568,54.477888713819866,7.767638308165628,10.562537466775062
3,0.7915306945486407,28.46617901576763,23.67775953347259,1.034312172948976,8.14840390278523
4,-35.28802397517276,-6.698524232789154,34.939344343548655,14.755179443631004,-26.50132460817854
2,6.17035397159975,-9.011657013146724,2.646940618851594,-6.223671926224518,4.6275950762583875
1,-20.49506083566238,-9.999379031364008,-7.638832809355773,-4.655415796215028,1.3784365091567814
8,1.1237840652075022,5.786993304172485,18.29216825050655,1.7030914212395416,18.649340731561903
10,-13.133985563749059,-20.733603369925127,-1.779311710167022,38.46432008934129,28.6933564780306
5,-14.05529500697622,-0.21523467056637502,23.891649217353436,-0.5628133192402265,-10.907401430693671
6,24.16271567631284,-20.3314936806992,13.759809658336614,-10.543045309881169,-1.3961474703020507
3,3.985137065706568,0.6522964833609634,-10.448849705209133,-15.18349191735439,10.595539353234226
10,-23.112019004305886,3.174033085335253,17.852567646505786,21.98688267008407,19.335144673189173
1,-2.3550928758963394,-5.906714137228638,-21.86462852844998,0.22903067745215822,10.987606811031071
2,20.586434068279978,5.9055633001891845,19.67758739332746,14.051466093810177,5.612033173982182
8,22.699977039324168,2.2166006339149824,31.668111613747634,-18.06744229638623,20.993117415717567
3,14.663898767975004,6.828775893167428,50.83113878795179,16.84981327816079,6.26108072276031
7,9.625061301728593,7.832188843561738,42.04486927222422,9.97851970346831,27.39687170271346
5,-15.25777124704044,0.14108188420685885,16.048082335341785,-17.048122208066445,11.34185036985618
2,-11.435429849500007,-0.12413329302335274,2.6389186041288433,-8.513682150307623,6.515209356903263
2,10.132386385717146,-7.672530973867462,-24.02666781560882,13.252181381513765,-9.140854055495272
10,-3.7583105685788563,6.101661671866279,29.12277443058037,12.413456701858323,30.80879014619002
3,6.721647825508226,-15.117849605516863,46.49697360573288,-25.80738639823293,34.82665465530281
9,36.16773996574383,1.9085017409369054,19.40832620886885,13.24860383275954,-8.26400275648857
10,-13.057922313505191,2.1430910412559,11.530361597170167,-5.190833159544228,55.355310408163305
10,-0.15591940778021252,13.228594009662087,37.39853163942014,35.979868267084285,-9.772752357435508
5,-6.92899915038894,2.3994461117554575,9.574271898113496,0.20352519307348027,3.993871046370678
3,4.571616426971045,-5.146398534451337,26.19613739648411,-27.793055113542685,0.6375840235503647
9,16.622439826694418,43.81840607946895,7.705013980943406,12.6947618730606,-10.056779981931893
3,-11.28855939213459,10.124750845663492,-15.726048782189762,-25.147957604677845,-5.791734773123571
10,-3.856195679340164,3.274554327403517,33.493645798374494,18.12682325617303,26.182631556015792
3,-15.952314385692365,-35.320536397622455,56.66730638637115,1.2762757635931905,13.360494724139691
10,-23.891200777019623,21.951231386777373,39.963557094462224,15.921063513947843,42.704306377210685
3,23.716676416623898,24.123519639183943,4.181111625049108,-52.39737865159309,1.8291954650116748
8,13.50374856167305,5.6813015114307595,7.473672494395398,-6.66512209138969,28.0171655392935
5,-2.5750575462807817,-3.851034459632367,5.660101109091768,8.274011410943594,10.534460906442867
10,0.12788868289654842,14.394793265437952,37.726626676576245,13.595794046831454,2.487730716721998
6,-14.205812821576167,2.684913238613987,18.33798221828534,-5.179595764616817,0.7769642422978051
9,6.710147405575476,11.912581472011322,-1.307254390966179,5.594902359439321,13.936252460088836
9,11.491041448792107,17.02408537009346,37.91876847004258,-3.2253122889529244,7.403052512733071
10,-9.723627945791884,-12.221196236534015,32.59434304133372,-27.723873719398142,22.2809602078103
6,27.009137209422036,-20.591688824790516,9.475049844979171,-10.934973720399928,-12.560110075326138
4,3.545792969070234,18.81947856142788,35.3206777629253,24.08448527283781,-19.039348430070522
8,-0.35932614704033483,2.428381189596164,10.222120366934044,-19.623314773456833,24.07656234980076
6,-17.78511680281658,-34.39700147907915,20.137067040476623,6.586604058137523,-11.971518850817612
4,18.693452489347255,-18.020615855642664,-5.16574394909604,14.027041744227198,-24.732400893067897
10,-6.08029132229224,-10.747310074075907,17.081358531883325,26.89289302265047,16.481680374513033
6,-4.518462420143143,-51.895092942562904,10.125966845274396,-13.157165767020867,-13.819139836906398
9,17.761745016490664,18.117487615910427,35.46672787332338,1.2991967224199845,2.7561267099888607
8,6.745588949940375,11.638709217889787,10.422124940960058,-24.475542239704886,9.643822263600551
6,-8.353386009989999,-27.4987158126539,5.982044780296871,-2.5157006532545125,7.431084973476141
5,-12.663974561950585,-4.8046818148477595,34.106423548202855,-16.605311024112492,4.504787543206171
9,7.1644106882244465,-13.49758035915849,30.076179460941706,5.931941097116688,18.819737592663415
6,-7.121117291370097,-10.986121895736222,29.465490181714454,-8.648843800628814,-0.9244485580208746
8,15.783351993610607,9.878557679129704,21.859984449227223,-15.999394434614508,13.522502088829135
5,-52.71039631650923,20.727693630687572,12.318482047233877,-18.329404012916278,-26.090828919399407
9,30.747884322504493,10.898775453974634,38.281050677753036,3.522708813910066,-13.813594514230813
7,25.233614949762778,-8.375527802038192,18.243880631992567,39.97911659726452,31.64245808697141
1,-21.82518835965343,-1.8877156921953888,4.808656827585435,-3.3645438570950073,1.849006984237299
2,-0.7481136922638711,1.1297164157656008,19.72927069887981,3.2655165565912787,7.345209289007949
5,-14.386813425353548,5.430958292234507,-1.8347395786826723,11.897609116152227,4.748023868614876
9,3.6361476022949546,-13.551538406472233,17.667629095540477,27.34181988691265,-2.0088897356765267
9,40.71800740468366,11.775864064175721,32.58417879817225,14.468591544026438,-7.163942370090506
1,-9.362092593346464,-9.790246897967668,-6.263623860508417,-14.28301356541838,-13.554898623268024
8,23.47853846888527,6.610621260552489,24.84387558227498,-19.495869359492303,12.328577414315598
9,19.90028728422172,13.512147666610499,17.418437078338265,9.923483155713608,-14.201602866688223
9,17.236048804568583,-4.117943883064652,43.86324678699275,3.3928926751339317,17.606670475268096
1,-7.458466592214265,-4.555766407667955,-33.34833363169857,-13.814942138160667,9.293034845817388
8,7.926764677766313,11.472524293204884,-7.064472658975177,-18.153442003271618,25.539937219570508
5,5.060944832520779,-9.773007346485741,37.349877377354446,2.093572972976032,10.429499918356438
4,18.015222957295258,10.116869875100035,12.488382953292756,-2.900532478755586,-15.538780874103107
8,13.658981522242193,2.5817987123848556,31.22432857553634,-12.683515658092006,25.724145311432522
7,24.541618771008537,12.118190090898413,2.873591748674375,11.031716246029024,29.275755951380074
1,-8.924314918527221,5.511448212504235,-1.926966926042918,-9.400462226902352,-0.5231995212823009
1,-22.55810477845801,-7.70398031534564,-6.579970667002436,-11.369371495776342,-35.04166809666023
7,16.340308271403906,6.258447533715522,20.284335177724298,2.97290641438544,36.934915333110766
8,20.83155351968781,2.2940453598741017,12.535057868620285,-4.636778282183083,47.453198653239056
10,2.639284418560064,11.941831418391946,24.135125552677742,35.02470410804756,57.26731941869376
5,-9.401829174571533,9.419035632163903,-11.169340855575815,-7.361945221301105,14.356718535587447
5,-29.97835835899054,8.815958788136406,18.37368885795343,-4.643823479054891,-3.9996494337848745
5,-8.360539631121265,2.6512262941508764,6.047566905904532,-12.314819194738229,7.7437032804784165
2,24.03014716638994,-3.0658734632225393,-3.5417899920068416,16.23737476724119,16.746015575719507
7,14.561518707705536,8.030427180126175,22.292283700279018,16.992414117565318,22.766624219353186
7,25.504955686901955,4.726275642727175,40.25087013138494,4.033770700420707,16.644232888305595
3,45.878947570734326,38.461141571416064,2.150510748446628,-30.215456661624668,-0.15881127663543015
3,-7.148615342218177,-19.212089708443507,51.17774209548381,12.303954797351079,12.839794829973869
10,-6.303128481402033,-18.525113212513602,22.545400176729856,16.414813211971964,6.471490928223105
2,-9.08266717972436,27.92809513928036,-4.137169712558257,16.73237385779478,25.881134811772114
2,-6.9185193535456815,-19.85650860298967,1.3104494249535348,1.9655153323213623,5.377006412737007
7,9.68582921547481,6.184133315386617,28.668426117763048,15.712300832737796,31.42015470413602
3,-6.836994887606071,31.19718096484128,29.785441215458313,-18.460095347008824,-0.8223379640327169
7,10.097502753011543,7.576722970936696,37.249071379470195,-3.7459228515330594,16.16291346318258
2,3.9768331135450623,-24.789706345871647,4.349693703026039,2.2660557941034196,29.581200416220938
8,1.4993232214567591,-3.7959526195051314,21.78601559274187,-7.421400634366568,48.30329851646392
3,-8.851987362090396,1.6018695526725075,30.454532983610747,-32.413146922081,15.45672390217586
2,2.1060157930089485,9.517538235378078,10.377213332381242,-2.608508281190093,13.941082307627832
8,29.131063052659805,6.180886565512232,28.358383440953517,-5.659066093609184,23.72791677052637
3,5.990890935991343,15.21314099028439,-16.40402308614042,-32.84244805141901,0.45810735886441556
10,1.202323798424132,-6.274688957270005,28.326961722313555,-0.022479519061509023,17.550168604550485
1,-1.8284931168268015,0.8036937116292957,5.8160233832580355,-11.887633719094337,-23.458053307239275
4,34.35610946715688,-12.55628841484864,8.19444265380904,-14.79796103354547,-4.574940459806886
10,-2.113570263037149,7.3587161298027235,27.643866557865636,-3.557288268337162,46.12914008019189
5,-17.456249805760926,-6.139028291253397,24.17741944998806,-10.027206865620217,13.943891284621133
6,3.0313678878821726,-33.100048980026116,9.782998866539305,-2.8864556395532293,-12.227066200842701
7,20.838155354580838,5.88029338063312,33.74851153822117,14.683444425342131,26.766745394165245
7,13.829881115976557,9.32664810574606,20.763009912129057,18.00618286123474,38.15376123538696
5,-25.839113471677624,1.8099655261210532,7.439295180765059,-14.486096243874664,18.970204026693825
10,5.118108687590091,3.8211008660140235,15.251279573219925,15.587297650201023,46.794513036012745
2,-16.257854574992116,-5.071347679922875,-15.44118274673562,15.870653000577779,24.271839002630536
3,24.506638379577765,35.224446236061354,-9.683389263448982,-30.65994574442597,-3.846743412907254
3,6.016786120832169,22.507405765059787,46.741670862391054,-0.9533517978698995,9.679480927553785
6,8.634858422420924,-11.628191384397855,11.621829072909492,-15.836441193010439,26.5031031599472
2,13.239981106406386,-11.087038408006201,-13.099407864562316,-0.5728609245304943,22.402829675356706
6,-4.003797028645063,1.3519381982361125,16.128352921583797,-12.186607535836757,8.313849227461343
7,31.746331538580073,1.9418783154150505,-5.377677489795623,21.59000910899941,61.85810155925009
6,-18.92596451341958,-19.225793815600213,8.712693498821917,-2.999309994038959,9.53201134569569
6,8.158509219274425,-38.42850112311329,13.886596472909192,-9.204524834030398,-4.805430548437657
6,11.763359157986208,-26.791436344416628,11.487553290733986,-7.404552529912374,14.601530368013831
10,-2.0746293297588565,0.9729154502127741,28.27024707254126,-16.07314659303099,59.596964723884696
9,18.188977218197643,1.0790930967763073,27.917600526169874,30.513399067203622,-28.71502349564236
6,14.355685220793848,-19.069474432966885,-3.566978778002616,-12.671482748498999,-12.345949530350286
5,-7.758566880409079,-7.963847327152696,31.478278506608522,-17.873735536242663,-0.8671982798522979
2,10.168174524141161,8.570518298584592,-5.079268007551009,15.641968973180209,20.471150178116254
3,-1.4145308685376516,-4.981581754917582,39.35315957627569,-12.756698558956653,6.982087748322599
1,8.729352421120794,-23.445592642681397,-13.22800697650696,-1.0468988077483496,-9.15375772752995
1,-22.313930644015038,3.564086732890777,18.889550466939557,-26.359029979663262,2.339505277103445
6,28.885251216891646,-23.863647045664838,8.743538459564355,-7.930860765294908,0.18151356193329193
9,19.012885998043537,-5.057250193615844,27.287998192961403,6.519349955652279,-22.330012309420137
5,-19.477006911263015,1.692471672792853,11.512303675382938,3.3956484428331315,1.8500113615094924
6,7.601955859139675,7.417035127763391,9.060562390858475,-13.11212806212043,-0.8126169738862042
7,50.023583081607754,5.115181299101002,8.891693674049904,10.432974354236785,18.532095936944657
6,-22.25646059405983,-55.00993706213568,9.782662454572298,4.945457661113199,-3.940602334447793
4,15.52876299654595,-15.797551093612348,16.688357008142447,6.09921264988536,-25.6773029565447
10,-5.706509151819208,14.160330700615035,47.89547779507519,-8.365778994844206,0.2658767949357035
10,5.363855621117378,-9.646362756353712,19.894857686324684,37.012259139720584,0.9296739887038434
1,-4.574804554656519,-5.6850489561788,2.054577704097608,-1.8527584473032412,-39.7880330811101
10,-11.219057231483838,2.6642545426267996,25.732818280505473,32.844514164867306,-6.252570200998278
9,21.5994279376061,12.52135696666716,42.5793961097134,4.422737998495298,-0.3955735430542656
5,-33.07911335914455,9.584643127069643,17.697798608685524,-1.1581260202714998,-7.136765054697019
9,13.816559100413768,3.9284813796074993,31.654619972895286,22.09127702560311,25.893685319946332
4,-2.2466981490685205,11.009808974130998,-0.3088291013108737,-4.558708823301916,-13.000591388587342
4,-15.354629368293828,-15.2425217289798,16.445328322301485,-7.924262718739089,-0.9241671543990648
3,5.5151435563561915,0.5398602640695819,-27.329440356273736,-52.179541367928095,-8.471628338290717
1,-1.861296845746768,2.132068815223038,-8.143429475331123,2.362753468065356,-0.06758476243086164
8,30.771720099613525,4.589003313042409,23.213081829123396,-10.3117345897638,17.63716541300169
4,26.608823013178615,13.692084651524057,13.783945033220089,6.9883318144835185,-17.2281720268613
10,-16.59219148644498,18.79963199471236,63.15761418728893,5.123385420454751,-15.822593594741885
10,-5.65695694954468,11.337952142044047,23.587472623925823,65.31535612350646,-6.3609171108116875
8,34.1299394333194,-4.730212282516556,32.776447107274,-7.1235509450524255,44.20647721465811
10,7.281572579027639,27.40843230667241,55.38435877362524,-1.726948556414122,31.877595974094938
1,-0.04535096356541324,9.097420745984229,-17.543343979589455,-15.849460430414805,8.787024027949037
9,30.903399043683756,-15.084662063692832,19.5505782370528,4.56449358499594,8.247205746996004
2,12.207352638800494,-2.5443826471831965,23.463951854464025,25.630618033796267,9.852571380860283
2,29.294499268382012,14.408282448735534,30.52368685754771,-10.394138766260035,34.63837251706883
7,14.49089206325579,11.16167169598269,0.26165588019139463,34.33972567736779,40.12094101731278
9,-0.10301445095176476,-7.620718812960766,17.98397113516564,6.075505171146784,18.41008559689382
2,27.228160039770007,23.060362400282916,24.641725252753876,10.074660250065676,4.706455394543555
8,35.74799049702307,7.297315977990337,25.643459309499892,-2.885628315344251,20.275545633250033
9,53.014807739026764,8.90400978548207,19.837244989957036,14.964823963125873,-3.342291372782598
4,12.36620923521221,10.66427557762933,9.071403078779538,-18.896184142121445,-25.072134864072403
3,-15.522869370347554,-26.729585677381134,1.7769933397240987,-3.036351772387519,-4.217635365725308
5,-7.847933111812665,-9.47584147230802,36.288658864956275,-6.111411942679789,12.77040053526873
10,3.2427312996161213,-3.4476424232189427,39.16345326966749,3.5810989846312644,22.76758354903348
2,0.3911656443736149,-12.042864867306054,26.658804227037,18.301485911688545,11.061381413238019
3,1.384840776534992,30.72759714189068,-37.67795547608225,-23.803721059538542,2.9314490853892874
1,5.037556665610667,-8.217821209181778,2.543946848020904,-5.605104043542992,2.1401729135837027
9,21.532539381943437,27.89948993546548,10.936451828058438,15.342835173954693,-3.1083818931183527
8,20.303484103736384,7.496607767814012,16.01726248258116,-13.910243278056623,18.273308229505318
8,11.993836318648293,2.8255163800821013,24.02643557016278,-12.247325176188651,30.773436215500308
9,29.257925073960877,4.8720927860291905,37.00857460966354,10.759092378023382,25.328540553322856
10,-2.6846495103825183,7.975661857331046,27.865176953907977,27.10754694049662,41.899030765803545
2,12.928441445013224,-15.757782946392007,7.4406138231672685,2.880836358765907,7.576253025480051
7,32.38903725885307,0.5891058322959326,31.6830036849098,10.428445181798542,33.60310057762513
9,7.2654644342401955,7.696360460715612,13.127216331868222,1.7966504433836903,2.7209880865057134
5,-23.607633558074948,8.018461889918035,9.574790919997609,-5.197248764084675,0.6326402775919107
6,-12.348964066076242,-30.838545616280413,9.745891636127581,4.047586625673572,-10.321117349302485
3,-15.140957557043539,24.726373692030432,71.16501921021145,-12.635518152999662,21.999002469057075
7,8.973841694986456,14.229858150045883,21.144600247823245,1.5183252927499105,29.683577418138377
6,10.434930003129628,-11.213586440698279,11.631720404211936,-6.539613322871762,-4.468576950160768
6,-4.359028583702563,-3.792293999220025,3.035021318144741,-1.51164188193947,-18.779033627468188
1,-7.9691428836433635,-2.811419418578554,39.725857443968735,-5.967012050139026,-13.306499947614203
6,-6.837572256211152,-14.769254257499117,46.181565248804645,-7.697614778239494,-3.066778292978803
3,-20.88958102118858,4.1660519807518845,45.218493489114735,-11.184469952021434,33.40294895770973
8,19.836030571639164,0.9998122347317802,27.3070434865374,-12.954289901618383,39.008595122492345
2,10.763482733831871,25.037116418237236,0.7415385417589686,2.9549765492348814,1.3946944319591639
3,5.757554168653927,27.940086291095582,14.647570091084884,-24.636722633129615,0.4882038764473071
8,11.138420508972578,4.66098289433433,16.534714445406077,-13.22942758932849,38.0281548319176
5,-14.070294701652836,4.260298615185095,0.30676050183290826,20.995512337891633,2.7971198752140456
1,-27.015431989462147,-13.944187731922733,6.81955484284165,1.9409377515751833,-38.83613891331072
1,-4.2155663410430675,0.19437298277096238,-3.2568703128124614,-4.7906929232452935,7.281016382333387
7,20.53897361179186,5.576225173623394,-0.5084094709453559,21.4195072607978,33.92961170869438
7,37.95925332969597,-2.8300371189473026,33.563628959294086,7.819861302201346,33.35759951429779
5,-33.80688063490035,8.963512862269226,21.34127207767574,-9.391649412069242,-19.14740341496655
3,-2.2830594055416737,-25.049481893336534,18.356708327517584,-16.607651520795024,3.730401937596783
5,-7.600817559425396,-2.895801882480815,18.028512867364327,-22.720011884708256,1.8477830052216149
3,-15.12150568781773,2.782635206276728,5.970740075385452,-22.46008535678543,9.239647865658856
5,-17.714878146544915,-1.8459964170743008,11.485212608249121,-1.1677701246739014,22.374820404245828
5,-12.322302483409338,1.3559538092983843,30.62083872081965,12.16377619840199,-15.154876760644417
10,17.856826181910716,20.28586989438117,71.2027889350197,-32.87132624066057,-29.20666405976606
1,-19.770605257048718,25.29713169271741,13.731057635640724,0.22987972086136743,1.5218936996779977
5,-14.23769612634702,1.5558207824944703,-1.682335674625758,-9.7683561426729,8.651284802281882
2,-12.747463104934532,-3.7892187228141623,34.77440077374016,21.97138215917016,-7.274856525849394
4,20.82038811921299,-17.26709255186793,17.098283048567588,-19.457607036665788,-21.856774305977247
6,-16.102469515151277,1.2911302431215148,9.734566554072007,-0.9132793944919992,-6.652605135262024
6,-9.247672288795597,15.80486959387746,2.8122439759182054,-1.3137927873323525,-8.052473505176607
8,39.986268477942765,-3.2074888395764383,44.987677275531425,-11.246238831713123,32.351750964455086
8,29.38820579874968,1.7867418469689333,37.09875136293867,-16.731896114691363,26.02995685200705
10,-0.6942214897049965,13.276396090273254,46.3115058275071,27.946561722880713,-0.6991542714884602
5,-18.7417177171248,5.977221918409348,5.058876034400916,2.580682416771907,4.91389741662377
4,16.857720211637893,2.50668237009526,35.07511546263356,-16.525453073773434,-2.342443167056677
2,7.067898682622792,0.5008092861806726,6.529308550709331,12.236182206359747,-3.8364995576462224
8,46.13383210834298,-3.4047045604985247,36.68490913092422,-15.341996141659571,47.706806683725844
7,34.76088327139883,1.381698631702068,22.29179080909384,5.997216764671572,27.074841699337
5,-28.564146503543974,5.477770195411655,3.8032448890275035,-8.605002273889944,4.2606529166539975
10,23.67241409503651,13.452865704981207,47.150408756118544,-12.316158821538497,32.9271190799109
8,5.171661648547191,0.6494958418782026,36.31547088632417,-8.495409874511527,15.262154328370604
3,11.057306469239354,-30.41261612373064,25.770957644586886,-15.75270884955224,-4.290004101742043
8,1.3896170629027544,3.3403410327354544,2.8032015446911664,-9.473714408505826,32.72125611645872
5,-26.20341572618558,2.2187118741926763,19.40509406183438,-29.85406471096058,7.395840669447235
8,14.387509649999043,1.1073737268640755,25.266696495907148,-13.745984240029507,35.752347512166445
7,26.329330473884774,4.393031461809417,10.00657741101936,38.24747034926709,35.10946220053808
3,-4.950696528373042,1.7310698579416983,-15.346098304484377,-31.220342408175455,-9.030854088341766
10,-22.924238303608522,-22.247251877373586,11.697381620076996,-19.532526354077774,8.007784047297331
1,-17.60814976829483,14.7511484836663,-16.073834277119946,-12.910395923174278,-28.407251875
6,-19.739241130732402,-37.932622702582655,1.1596976840695028,1.5336771426344127,10.470593883324423
2,0.5102778593344004,11.532296651826679,19.223214973201813,7.2277115008604635,3.0421348173544898
1,-2.815759638146785,12.67759120929634,-13.067931861774245,-0.7135942544113307,-24.183442281766354
8,26.86550154121796,0.6893338537443876,42.413508435529224,-13.829713282370175,10.897647270636176
2,2.375011836654023,11.764177828674274,-13.204561413377533,26.620014471372524,13.129958934991661
1,3.9492914908562433,-8.841722448137125,-26.843713245886928,-11.241252103993121,-50.090216250016724
4,19.73056833895687,6.8338190634653575,33.35569029834012,-3.49165630042791,-32.72366807930149
3,2.0635512224242456,-21.806362864092815,17.675689326524683,-31.93835562189508,-11.165290964480704
3,-10.191222033798319,3.593689974996878,32.502197915430315,-43.59490418293247,7.53300306030263
7,4.891519481901913,8.44681970632464,22.105833064803065,-2.5611704853156,41.70202821166909
9,15.710866891915584,-9.327551160593245,43.884728789243724,7.004361454185998,-23.136599875548004
4,-8.154733864285006,25.167992775923892,23.58761008238968,-0.48167694332505206,-4.009928513662587
7,37.77025839184843,-4.022222036227973,23.972437135704432,37.01354019210432,17.845925827361967
1,0.06032704438284853,-7.771236763357926,19.71067156844979,-16.067931877226812,-23.743422844452738
8,30.37774705929472,3.6207465860404686,22.295521393382884,-12.896363927062232,36.78902029399727
10,-8.687942562248198,12.70007876157681,47.953035193293424,-15.277053361119854,7.85902258851722
8,13.16311681057044,12.48671059421569,12.029516122890929,-3.656570046360213,-3.644486166580755
4,12.863662120409991,-23.82590318390624,22.214273613819923,-0.40278782271337565,-11.584390899500912
9,22.821753861188057,10.881594761897405,38.6195681055166,12.507362249245404,-35.12479578244941
9,25.296296344183553,-3.203938699752901,62.102438378521214,12.968392295765968,-5.01040335123305
4,27.070980421959117,-3.329886194020998,15.425346807933009,-6.4695415601995325,-31.469337750804293
6,-11.131218591115148,-21.472598751258012,2.1261067154035533,-1.8876580092321902,-1.7941717085636668
10,6.936925968155761,-33.11241548461221,17.263600377173987,-6.253339399722483,23.338110667081967
7,42.87285956871474,0.6666204976772061,30.337074855722094,-1.2122919612972183,29.545619567690494
8,8.353068792129143,7.5212795873426925,19.469336887475244,-4.0062311500837255,27.06329857588762
10,-7.860082365100562,3.272587928923277,23.782268864820992,15.60785763603276,33.07640809159209
3,-0.9298195838628285,-9.730606185123888,5.117396401301199,-26.192411307332645,-7.00892665916473
6,-13.390863442799224,-12.958825734960984,22.06011523062636,-9.374191051198775,-1.979576285513563
4,19.118295063783922,-1.5298216177857493,5.9224907445956365,6.464831124070122,-15.410066556582592
5,-8.486824930877916,-0.07299694719967542,14.245467348356739,-0.6720675538825938,-3.920795262844547
8,11.350947960771924,1.062410224569022,30.49411144962454,-12.789186658846786,37.30718033978819
3,18.61767717305787,17.183268160223303,-3.3800437540365653,-21.55884790733338,-11.938337077699824
7,16.90533707299692,0.7992983769660356,27.63864781445024,13.730762419679714,25.19978143829315
7,14.514334929260999,12.610155402626418,21.988428554320745,16.576344112176315,12.215571059378416
4,5.997359934701648,27.99066545980289,18.51737884267638,13.377658004130357,-12.890381434419554
9,20.951909567884496,4.946302088657583,25.136522984959807,26.8538466456206,14.987489500559722
7,32.78592079051013,1.1223811522355973,18.280850971576307,40.45651741933305,23.139767558563957
1,-10.067890583948738,-13.400044716014941,-4.736979587138709,6.2248459661947395,8.177364786034858
6,1.43031595488439,-28.293229568384845,-11.15700164246633,-13.629287055124584,-13.499381657690034
8,6.914291842149172,3.5451313153326924,15.75768788885073,-21.846641727891434,32.530860204397584
3,-3.5464891472144497,-16.068529662310436,39.13985951890846,-11.683243201795438,-13.954781332705515
4,-22.33743380655785,30.72242600013997,12.537515420436366,-4.39939390244854,-3.6958866870816554
10,11.491031342116601,33.35318799953438,58.63318433748671,15.25495875173868,15.703814170954375
1,-21.231755998169632,-6.825610679604646,7.239355374873292,-3.673046550566609,-25.981581335317028
4,2.772651505440713,-14.249369192104147,7.346009241814311,18.22466319926677,-30.01708943533469
4,43.75341527733574,12.43331405596066,13.709865390781497,-4.145252195624861,-22.440919283166686
6,-23.266982859172582,-14.827664492692627,7.422388931097587,0.9802170596620625,11.973759452982849
6,-8.234355004978717,-36.999890275977755,21.512570514902507,3.9209006845466483,-18.764851496429298
7,24.324819459939324,8.012131227065616,11.37644199062703,-15.524472825684665,28.40596712751377
7,35.221269353575664,-0.978395386914988,37.57259944410363,44.719722094659325,10.331052955296403
3,21.70414604827993,15.729466835938597,49.90772349682005,-18.256114509590663,23.4433917753662
7,5.211247026658263,5.627679123515042,27.732124791791886,38.605991030839604,20.220743282432124
6,29.706293130916613,-14.613997685996072,14.852916148037828,-27.466617745957656,12.42725637134009
3,10.42600405042154,4.089796235982913,-6.129408911775824,-46.17200741784909,-6.754204850748752
7,31.432538411258957,4.911329353672981,31.318771848363703,7.416662868857069,10.257450451857054
4,2.7498081531100422,14.87707248231711,10.117863995224763,-0.8228807716529483,-29.27992580062106
9,11.824529973635379,-5.5353768727779995,54.861000932695866,19.629021824519,5.104864181586899
5,-23.566630199232733,6.014317465023903,20.261860176046987,-1.8663409023042408,-19.231077663098898
9,42.18595052739532,-14.685652800215294,35.58257068699263,14.236298462466467,5.720666135063709
1,15.841900236252503,4.439102136810692,-8.725764325857128,-8.491804316488903,7.287062681174518
5,-23.446906941756314,0.4173591936142831,8.001375191954253,0.5166818164079645,5.436867860082605
8,-9.207031632577806,2.416750541364292,19.456353555668457,-19.139518799230125,19.222100517495264
4,15.831136449621312,20.0489217978495,6.044146929147374,3.22097948248942,-46.37828465420836
7,40.72437924312287,-5.860844116781971,41.51856009039864,17.202756270230676,17.13655826939943
3,11.282358526926892,17.77490203201068,18.65481107978534,-3.847574081346064,-3.2884238435446873
6,-4.607167204189912,5.978703415266665,23.995446220587432,-7.077738403891224,14.236912845485524
4,-10.525309747647885,30.928007968855656,7.106427797838213,10.524296336897834,-5.575400039186956
7,47.38119226151704,-2.048045430990335,31.650901015617166,17.751904049705637,21.938663657546336
8,28.46302597951739,-0.8832677560558038,57.31053591276098,3.2576128056033085,-1.4937112917871147
4,25.16309818257211,-15.671379899664444,-1.555864637440802,9.424363428089023,-40.87430886753587
7,13.961002342972028,7.734115195130595,30.999507311357604,2.6759289939345976,26.726448152206174
1,-3.1868309128229653,-8.744854600070257,-3.767501047027621,0.8058342620970427,-3.9535025830238686
5,-26.682129537106093,-0.8258142715945835,31.60479525020517,-1.9956816266886728,14.666344907662529
8,28.286520669425286,-2.2175794577811727,42.429447187288574,-7.430952796155853,27.534663272607123
6,0.10552957376399097,-40.667721909690215,37.4752252174447,-11.728723518007612,-5.45846203034549
10,-2.0212102237128127,-3.0020166692675874,22.230969558332006,15.680405183100394,26.494099831203048
3,19.984177868092896,24.629848448217583,-37.700390981981826,-28.06505359117015,18.704539496322674
6,8.114294878642879,-31.653968127425248,-0.34312630227775465,5.464794040245835,-8.758275643048268
4,16.285453955998,-6.67416217797261,8.015589090607321,1.6161665678879418,-19.986180485683697
5,-28.79022430716337,0.40087040426816056,23.218555628180308,1.094008483862412,11.31680535367293
7,29.934838555102466,-3.562750793311338,43.02193340296593,37.59008673647506,25.496866942367852
10,-4.209037893065432,13.595940866478314,10.774236281277979,23.23943154816102,50.06855428307789
5,-8.580843666687848,1.7725623159713892,12.320688690580965,10.803413808257949,3.322466312489728
5,-15.95039876308462,2.881592724278768,8.239578701400884,-9.200653320670952,1.6997390657556042
3,1.9708854085604137,23.43048041558562,0.0797855914346357,-34.16786825495136,0.20859782523162274
3,35.827742725742524,11.718916901722439,60.95766681579877,-26.42951958024305,13.175720842886733
9,23.688027450280845,-13.475549420999588,51.508214049349064,-2.3659918213923525,-6.668721328218415
8,29.80083792510873,2.7778387218660754,49.66954734623927,-9.232353703774455,13.909448920697141
9,41.474751637712444,-12.202480582758295,12.02024331808446,21.35513554106229,27.94546815318445
8,20.09081436859156,-0.18593377829796687,29.191706277400463,7.73594595155525,34.52031634016962
7,8.648007444241644,2.910345944942837,34.56668583691224,14.748149149622451,25.989027207394493
7,30.939021859126214,5.33785600445105,39.37867266649445,17.503351418866362,23.796511674786277
3,26.09955978498266,-1.5913642110629889,31.61183438866823,-40.21155640246207,-3.3945245436863916
1,-29.037104894207687,-21.625021024397647,-39.29990762752076,-15.835327266596305,-5.527423659070684
9,15.480890655153,7.5535892050982,29.887860034601555,19.111598975126338,-1.22629249170957
4,-0.5798434170890427,-19.666109342144694,9.535439604691337,-18.419269109036744,-19.50064707232171
9,2.8857412838674996,20.63923799100882,41.13486541753016,7.413468390598654,4.579477398979683
3,1.9790620358110116,-26.606997028243836,-9.699026476664345,-37.65464849329279,-9.537099805864806
5,-9.278333503830662,2.507971861824764,16.138987391658304,-4.164603987950782,3.6928644316987143
4,-9.556876280056311,16.415986335452274,37.558607044289346,-7.940287220543486,-14.106611615031316
3,10.733954675762472,-1.0247320883099014,-11.98122338203058,-18.824977017944242,0.698150197487343
10,15.969791422993136,2.037547454537099,46.509798537959114,56.176376868422004,-39.72518137773886
1,-14.31763697007512,10.633018423730515,-9.381190444448762,-1.78033474395541,-1.3933897633682584
8,26.27791433449059,-0.16100797744029194,37.162675940089414,-9.830573486408998,11.562860647623996
10,16.632720681903,16.44795856516437,54.29112743762039,-32.92612122236875,14.251708818992123
3,5.96828812253241,15.20421688182206,-3.573392638602442,-15.12477942633971,7.295222987008447
5,-4.992646565324911,-3.1513945369510648,10.912341197912959,-1.055829978623763,18.541310317907666
1,-33.795378815712056,-7.215700003871436,-10.895857216744298,5.681988637796414,-21.27196132617781
6,2.7423161809263856,-0.2829903306085093,7.449341494669021,-9.339700626860035,4.639692299113446
8,-0.6363042314899232,8.949871474402947,10.419693065518985,-10.546575876942416,11.843174624930848
9,6.783873451245812,1.3388903275298927,1.8045057014015953,11.46703981184628,-0.35873923406822167
2,-10.059388954410064,0.9354340990691723,7.9515194986681905,-8.06821674381094,-7.632485993956156
1,-18.01484779974731,-11.08002772517036,5.299906987969366,-11.314881397013927,-25.00868222994176
9,23.82091399561299,0.6063280969792304,45.84238228183471,9.59913672468597,10.32940823835904
1,2.478902427808043,3.309466418479958,16.522892166651438,4.83238040191429,-5.957531114305675
6,7.5370110633081495,-5.718598708101958,2.9435471140478704,-10.162048822565154,-11.333613260844587
3,18.25728304040524,20.785921269904534,31.297542896700755,-34.620121614814636,2.6189994253176794
7,4.900131369008633,5.499215607511666,26.091152322315462,-1.8258873290739004,29.458727030102565
1,4.025899192013696,-3.2508017874380304,-0.989886314383809,0.18649685144512063,-11.282685927497768
4,11.082166026179436,14.64238369461739,24.132106095934603,-17.856344242323516,-6.3284610758049755
5,-20.12785882389933,-3.339697715335526,28.892630645958334,-7.101505430626588,24.47200166170946
2,14.171269224369173,7.279975347856613,0.024563457022069635,30.149012188911612,6.876499617183805
7,11.141721955500559,13.361555582507966,19.33707979044037,-8.424407085886564,29.826631237966623
2,-0.433437192235985,-20.547659715672896,-12.55771595818415,4.140547351782463,20.037537441669016
2,9.223452818463125,15.205047777891672,11.937972807411125,17.022856686193336,4.500065252787218
2,18.764202932168544,8.611497055684035,-3.7471648710737684,7.519618007123892,4.168700277847301
1,-7.291710218561362,19.50986004787991,-20.271155233038296,-12.307349877840704,-24.709907288259195
10,-22.901082443699494,14.249907779088389,25.961931959038868,21.21517701988199,4.6808899410991565
6,0.372861679820373,-40.378417817393874,24.859295653981743,-9.93213432756908,-4.9693383547810965
10,-9.000295959582115,-22.056425655577833,5.612077352289145,5.393156736159463,55.49930142765868
10,9.951169852213184,-5.166888428637746,25.861439251605933,25.759370293593374,-10.195244804091192
9,11.208602684680244,5.038608973875799,30.229590518062732,-4.657053387613994,-17.76695716732935
3,-8.791497603088134,-9.162342041596581,-35.00781536714772,-44.020879488510694,-8.080234663212732
9,32.84304941315056,4.278176080812109,29.867064318660617,12.399374128967828,-7.312713523381914
5,3.63718426154076,0.13200545291950339,27.3814396069283,-22.417632265065286,-14.927278813077912
2,7.866360307706492,0.29489519170809486,16.397662492558364,-0.32288355540220604,12.453968519777423
4,17.230602621136907,11.95124655128243,9.792661576508966,-6.35562276458271,-23.249207110810964
3,-10.636936943251339,7.045091191965335,13.927630325369684,-32.10739505786672,-0.9608406400372438
1,-16.23508689772288,-9.8978654722543,-32.13847967593578,-12.784692928987802,-20.766355229388523
1,-4.815671089435634,15.139755909622119,6.456227185924829,-6.36514683875707,-0.022520653825129244
1,9.215798167066069,-7.166267153554229,-15.403669368435029,-5.275807114666224,-8.419753965744045
3,-17.666980566763016,3.874202215249878,16.192544435499325,-0.10468158499843483,14.46065123474834
6,-11.18463056618897,-42.53158910320208,18.324547391892924,-3.8719225251789577,-28.01898671773201
8,25.925691978431153,3.6615771323929165,32.60290310284215,6.3734917622649565,20.32425685789177
8,19.604579251860834,4.962680568821498,29.21394596813151,-1.4383786860688126,10.748471675749615
4,8.922729394267927,-10.768295908377038,1.684852672293026,-27.820742084519363,-28.916277093879152
4,-6.330265987267901,6.194381638934232,-4.820024759649197,5.149154019524986,-20.88526039972013
9,34.3588023736241,11.301510187655285,39.061888701843245,5.155228676833439,5.006908249701869
10,11.65472920174775,-4.276276728945348,27.700831507577934,-16.429586453392588,59.97387848039946
4,26.949604814994938,15.56919307169355,-4.945255065454127,1.4761695528165033,-11.442092803258937
10,-0.4456867601373038,-8.524528911490277,35.48046870153263,20.242313611990784,-16.393584194227802
7,12.77483902540915,-0.8669925661954228,29.96164078863862,15.794838048446762,32.7980215458478
7,23.36726304157721,2.8866013277989366,34.32509354835845,5.134562543759765,12.808592658158803
4,15.347664060755115,5.747424987036117,45.952425272164106,-12.607664615833059,-24.414648062932983
3,18.334575838878887,-0.25146109070281775,50.52095912142944,-2.5603819541533994,2.9145372202423907
8,29.693443782738537,4.538804937592268,33.03782564363886,-8.25971034442123,2.0468851562174173
6,-8.38856818257272,-49.97015832156882,21.559155832520815,-3.920483139466742,-2.792473708202734
1,-4.592040119803892,-31.277242218772738,-8.33423042873607,0.7989233663908148,9.424006749152692
3,11.906198525882843,-35.255387680573946,26.75527824527944,-30.591587927131908,-14.854927803194286
10,-16.573569683415037,-30.13727313300771,5.905268963651267,-0.7480336335925504,24.63716460102104
9,-9.69441047191841,20.3615336813411,16.84915368494699,1.7972951300711664,-10.312352338975648
3,15.961192624397787,-44.33496474806467,12.943833399139894,-28.0694867496119,1.9327521464351873
1,-8.769802709186443,-11.706000342390496,-2.670335503432338,8.036304901747126,-6.786161161773074
1,-4.814084056660761,17.57935175955266,12.196183303362098,-1.932797467574055,13.433429869566265
9,22.08566092828512,-8.046370917072078,56.60306886107671,0.19583281018209853,-0.07990060938068427
10,8.445288926474964,17.114771641734066,50.64336630541218,-7.683991161460007,57.166388720539786
2,3.878841900905619,16.527010882310854,16.722174952634138,17.62672924682589,30.654603786983326
7,36.36155633887403,2.1879330396108303,32.429714619393636,12.047796493822807,17.64416321366488
5,-29.380586179689466,2.5405932008897567,18.472946066696842,-0.882714873623597,5.106472227462842
5,-31.91592918112915,10.715592174689398,-3.9218828342520062,-23.233467084747872,7.846417864080465
9,34.44541610589506,13.13691178959586,31.280948163216774,15.135452419286416,9.638191044911272
3,11.223057837083033,-5.876032532941322,27.38073035655102,-25.997773916118014,-3.6184501793628536
7,11.289739690715924,2.938823889414125,29.50599309421404,4.841783526818002,37.16334522632526
10,-9.428135586166352,0.8205522735902537,20.222422836004657,21.841412491485052,19.372963408897643
6,-7.979852579216849,-47.619237915808746,29.70076926337786,-9.685292541986854,-4.708703171415524
2,4.408698876356807,37.49228057620025,-1.2768684692037722,-6.816548725290075,4.705325256683717
5,-22.697298588080354,5.118677015759989,10.821952543478854,7.870262623345418,-5.6813407021440785
6,5.776708550509675,-29.008192938145292,4.412447428293024,1.3273534000072873,-6.173055308925037
10,16.876488637811907,25.84593163016749,54.0232236333957,11.026146787696009,28.979323829518545
2,-8.597920274468812,-12.55018170398779,-16.461288845342988,1.2941307426246587,14.962579248983015
3,7.030140029855476,-28.804394788516174,49.105775921197214,-17.278033784326343,19.00806710066172
7,-1.0933088335895924,-1.074922790239846,21.730931242186834,42.546859531831466,36.74000963207922
1,-5.850235265057076,-14.374966007150475,-14.808767861599978,-6.696908833333353,0.3304251006687604
3,18.169550050905976,7.61715296668749,-9.747882558250824,-11.939491011865051,14.486612903092862
1,-4.183790344564292,-6.860865895284392,-7.870547487749063,-11.314586202250243,-7.322312437779013
1,6.4600229755273535,-32.334766878478334,-14.50039122245418,5.853164884752071,-0.03234361152199661
5,-14.894256470483976,-3.0028006949743595,24.162869680644555,-4.501938046198392,-3.808313573372753
8,20.013393738041042,6.835961538487155,32.94724942828647,-9.985865920632122,-2.3778915287649802
9,0.17760834327805242,46.48065334609204,19.033761836278675,7.374850125150448,-3.0876461310045813
1,-7.349529892890531,-8.004475983081864,-11.419953929738952,-9.669607898678823,24.85909895637506
3,-15.567861398733037,36.0158526274937,20.679232952612324,-47.02394584089946,3.073224970074177
1,-4.497357321012991,6.310805283281677,-14.142959627739405,4.168588223694353,-10.581239835656385
1,-11.322479822048006,1.9388464080255703,-14.021674199680195,-13.104327268453813,6.802936175959411
7,15.130208904190521,3.455247853698612,45.3217287643091,2.1855147441431306,12.056621308789955
2,7.423948581660405,16.244457105406646,19.878270800609325,2.1672923802217356,13.06347184583532
6,-8.310022985116099,-45.638803924264245,2.109166864478997,0.1413994624423447,4.928261321607439
1,8.755858838663496,21.55365659257492,-21.463645452175292,-12.570488215022362,-20.392405612174517
4,-1.9375766034084103,-27.85149525859016,-1.2210217123256193,-12.987906114316818,-21.697273012813792
1,-8.877620145910116,17.827472250891205,-19.743440322601952,-10.863369293590367,-0.7876002418368557
7,29.802609319962098,0.47755404708161997,11.712570297053864,35.533965498355606,28.355554181712755
7,32.62123569543428,-1.3233223983023343,13.316634008533443,15.328166483644257,39.307167558014044
10,-13.382301471288745,5.211387489499694,32.49372488885889,-31.646984589035014,48.056982706566686
8,9.75079441908411,6.457706191759203,11.294197789687377,-12.00346822352598,24.545724931078972
3,18.1816132671769,-7.136182262403714,1.517573336906711,-49.689955613096785,6.547406154560154
10,24.259255795964553,5.918397493906973,42.43696457057004,-20.06106429131566,15.187949337992443
1,11.12746448971074,2.7536977809899685,-15.853191643985244,-13.828911857624774,-2.6619857578133885
4,15.467546320341011,-16.05662752791943,-9.73124362269025,-8.762905498303885,-40.709713427593044
8,22.973453607716976,6.369743771634768,18.619399243506084,3.245098050260353,12.933577567734353
2,-4.925448561760989,-14.38117325545622,5.87822017039653,7.970813594739629,0.953111305863044
5,-18.738915872968214,0.5511200123260611,32.508868410374475,-4.948457329592914,7.268650724494641
9,2.0967838192727406,15.325890929255582,33.77066298328667,11.693493995241157,-7.396707112250948
2,4.045680459032395,31.50165890816999,15.940439965031828,18.71357909031025,6.523256104775687
6,-11.085271874694664,-16.78175700216527,20.938560541418674,-9.869211047421038,-3.8860542014129935
10,-3.1999405561112915,33.15227142953488,54.459277449856096,6.484001523023072,31.844743715865707
2,27.636715711789485,14.590071045673833,20.58008924115065,6.906278254029377,20.76047142471745
6,5.184607854936046,-11.983967388174477,-28.668434353479977,-7.595723755900012,-15.917903960742068
2,1.086801088136304,11.592094241810388,5.486792145019028,10.975982389896991,26.260467255329743
1,11.50980702099978,-12.487553952191332,-9.868974286203368,8.24876592973212,-14.288196590161771
8,25.2902282594767,1.182580644957988,23.790051005730877,-15.279014200529403,32.748876342012565
7,16.905693010983637,4.954567413987126,9.15493353654375,21.328698660672025,39.2534432989915
6,-8.919126193528458,-14.894369184070147,7.689380191618459,-3.8254792269554656,8.364762815473892
7,24.426581141923812,6.5158548035341965,43.01249469926897,14.741902173425585,7.688230848160799
6,-2.6851548597275574,-15.086809435715292,7.55470865095168,-3.101162404039973,-8.064776153127294
8,23.829782422704994,1.306108285193731,29.697492559442964,-14.606927809706358,35.70485897850371
1,5.415574850298414,2.154940052183421,-21.594383710912112,-15.490293763730417,-12.82564372557524
5,-34.44434610433332,5.243454268068001,30.914345448319537,-9.25978952558208,4.18843431927868
10,-2.3553851197791396,-4.209847579562808,37.618491655867146,-29.07278322357194,25.727359735883066
10,6.367340747117259,3.9762233146575205,25.403572385470024,38.659890057006706,-0.38047208210358363
2,16.6906748158317,-3.9159736850950235,24.209285594171444,-2.9845351318249493,18.928168505120006
7,40.72423966605231,1.9813987533403257,23.04355759667869,14.240762984125618,21.669236487251638
8,32.73209403810172,2.5447292499418985,23.092802495121635,-13.868412695294667,34.43975255231641
9,8.517778354112327,18.099374359914062,37.64463387695682,28.837303364866337,-0.2701178641821662
9,12.122591450353108,0.5817443294257236,39.31670609291351,19.215371339651387,-2.651261004253145
10,2.167857448379527,4.672897814233623,15.301897043656492,25.989917805465602,27.202013986876835
3,1.7053749700235228,-6.581721124959897,4.064278604025931,-17.89831326366662,16.501449538517416
10,-7.59514726944242,15.336908522760831,19.9169730378393,33.79889392613632,-0.2374713771948258
7,32.860801166668814,-4.029586727583386,35.438222643434905,24.56788417188481,19.993208145701914
6,19.650516131260684,9.498035133748228,-0.4017705760014554,-17.470660706148042,9.797187508193037
9,25.95500716494579,20.78875325430986,41.455094780460996,0.8459501170570984,-10.06559134511408
9,20.48684053556441,-8.148384475129173,38.62547489046159,19.489509129474012,2.622192333678342
5,-6.439740448376197,-5.721567701421432,17.939582696857094,-31.00629986039082,8.472359575200267
3,22.844832069233462,-0.8496244630128648,12.515616054015272,-17.708758236495008,-15.163340304256216
1,-19.776919649083702,12.351587765437708,-7.476295656266696,-9.124039409167429,-34.77660884421533
5,-11.29701980214848,-0.0409947797196899,13.711704074486944,-1.8794860925040893,14.322995428410849
2,-8.000017661444126,13.679691644149997,7.087314525146269,17.818404041541083,-34.35112163178714
8,10.154563184962361,4.9971616755774475,19.3899964615724,-17.075657327121004,31.07364648778239
10,10.301153842207698,8.515667271971816,48.57162561825612,-25.819263294148207,26.244693390490212
2,15.22128408625367,-3.166213627454378,42.44682621937558,-8.943867933934413,-1.391145254705986
3,41.358000454775805,32.897983093737004,6.2075543696562026,-32.19328359072523,21.454024080300346
6,-16.294416446296154,-20.503963807235817,7.509505336288704,-0.31278340848863007,-5.436363175385362
3,4.99420516419241,-4.253245528328176,25.438114272950877,-15.641133506751064,-1.8287809988719603
5,1.1231311218797444,6.108113371434454,-0.48388224896904575,-17.023213756092296,-12.63270857278172
5,-29.527810314632156,8.047698497670321,24.25755471341875,-2.9574140138211886,-4.776238713999135
3,18.344861810935043,39.41296414916258,-34.382875616152226,-34.5477846424958,7.335824768437259
1,-10.619547588218651,2.8734252980258406,-18.977762215666914,-6.269286354776497,13.143232370507594
2,-4.913562168400537,3.452586840130485,18.649754719973057,17.02541667464014,10.11608778681127
8,6.437894129121229,0.8834956943296834,29.19757690774897,-11.57693199034667,22.985832583328705
2,-3.0495025490909136,-12.075135624887567,18.99672533127586,19.242014317685285,7.79538783631285
8,22.554853538459795,4.105898901950686,26.47444954800443,-9.955979125202045,26.7173115336269
10,-12.68765512562811,19.595010580799407,47.12040243671557,-18.38114296960324,54.966703284050155
4,14.990577539390056,-7.3658408153676085,12.008493574819555,-13.997854438105893,-6.622291608692443
6,15.440333415374878,-36.142078279137706,21.77572636182559,-12.650197187571203,1.1413117786542328
9,32.751830536885365,-1.0901032755738438,21.63598335488924,18.168034757450386,-10.266666576613957
5,-22.721819037804437,13.397283076234054,-4.472646150028265,-13.186618148784653,-2.7769375817755755
2,-13.981534351603873,0.7185402413181381,7.891775081219994,13.240187455091554,-6.287417973269918
8,15.17096544884007,-3.119502131607927,31.367390152974668,-21.577884234315132,49.33900392821986
4,9.816820147427762,-12.405041386750518,14.644873027474862,-1.663563769740449,-39.236516398637946
6,17.449052702432017,11.397190245079937,-12.083212695829769,-3.279722390716532,-11.178587916606228
3,1.893450075957285,-6.341771407031356,15.959754714534487,-14.991770125163683,3.484114330149303
8,17.572128011933035,6.489003623338706,23.940197810159205,1.7161467753628763,20.37384873398874
4,32.52892937342188,1.5832077873426131,24.157838948670296,11.718859718220777,-30.330573263768805
6,24.12901569650608,-30.982657317058944,3.2284346096245304,-7.217945160660241,0.45464053502693846
9,39.730500471608835,-2.7849976391359084,44.50686938293185,19.55909470307023,3.173606808092546
8,20.858122968789704,5.84125523522761,29.33150273502652,-5.578393557007301,18.912465383441457
5,-10.615887990187911,-5.754122610524413,18.574180591646297,13.39367032644036,3.214725124214692
9,14.052935359886513,-6.361403539755536,14.63441904601465,26.277069704978615,-16.83504036925558
4,10.966657132089704,-59.912939550122275,6.980918109468092,-5.086652426262637,-48.60395529442897
2,17.134365818398535,-28.24820969894023,5.519418453432331,2.997972315160839,-4.706941564706812
6,-1.4758061358644152,-38.2065614833214,20.49705532889026,-2.6937298824786486,-6.309015554141906
3,5.648079126009796,24.455591744070496,34.976066756363004,-23.874737601336932,4.741817942423661
4,12.701362947432596,20.759387535152467,27.186439459331243,-25.59090198803719,-24.39870196966188
4,10.861850158212501,-5.425887587530212,27.28516428087253,-17.18788017027257,-22.49996795274766
1,6.360656417545869,-14.841768591737212,-4.22146894004886,-18.486955092238404,-23.72767163430842
4,23.924313586127063,1.072961741506761,38.287507523725736,11.000137703050676,-22.379214108030162
10,-3.180357741421591,-9.625808090757221,13.77904446624028,7.085233994625996,46.08753266803454
6,16.67832754498372,-22.320688237505244,35.71099419336646,-12.964821572323993,-14.628848757179773
7,29.612166030010897,10.83234618006775,15.004857598916377,23.9454789694272,9.74604962152231
6,10.535153764503406,-33.3172460861129,8.491717098195407,-11.840533122151896,21.39102595626896
2,19.365161805968363,-5.205626054149324,29.866558268532366,6.3947865164137605,-8.299539046462492
1,-21.299175324829662,34.000841998619194,10.096157903537797,-11.50107131441575,1.2933505216546468
9,37.49140675856771,-0.04689026379234473,23.166010153861265,-8.611380968402326,2.689352358276779
4,12.822725580236568,10.29851480653623,30.022592568573472,5.346109501666539,-29.910537785565914
5,-19.603691633454105,6.320702226332899,10.211219183614489,2.404701962486187,-16.203356828383544
2,13.310925096903844,6.3540081164170035,29.68239143235679,7.375249784268077,21.138325322167447
7,35.04126841958613,8.214760389098808,3.1134341491266824,30.630373134078635,26.275651049253106
10,-13.712678657598131,9.25011074150676,44.45994492390416,-4.096975080152109,20.56303052467349
9,38.36402140542915,23.486617645935922,43.52896925792068,19.372699115298246,-8.690418095163269
